position,title,snippet,highlighs,link,displayed_link,sitelinks
0,‡∏Å‡∏£‡∏£‡∏°‡∏Å‡∏≤‡∏£‡∏ô‡∏¥‡∏™‡∏¥‡∏ï‡∏Ñ‡∏ì‡∏∞‡∏ß‡∏¥‡∏®‡∏ß‡∏Å‡∏£‡∏£‡∏°‡∏®‡∏≤‡∏™‡∏ï‡∏£‡πå ‡∏Å‡∏ß‡∏®. (@escchula) ...,... ‡∏™‡∏≥‡∏´‡∏£‡∏±‡∏ö‡∏ß‡∏≤‡∏á‡πÅ‡∏ú‡∏ô‡∏à‡∏±‡∏î‡∏Å‡∏¥‡∏à‡∏Å‡∏£‡∏£‡∏°‡∏ï‡πà‡∏≤‡∏á ‡πÜ ‡πÉ‡∏ô‡∏≠‡∏ô‡∏≤‡∏Ñ‡∏ï‡∏î‡πâ‡∏ß‡∏¢‡∏ô‡πâ‡∏≤ https://bit.ly/cueng66-info üñ•Ô∏è ‡∏™‡∏≤‡∏°‡∏≤‡∏£‡∏ñ‡∏ï‡∏¥‡∏î‡∏ï‡∏≤‡∏°‡∏Ç‡πà‡∏≤‡∏ß‡∏™‡∏≤‡∏£‡πÑ‡∏î‡πâ‡∏ó‡∏≤‡∏á FB/IG : @escchula ¬∑ #‡∏ß‡∏¥‡∏®‡∏ß‡∏à‡∏∏‡∏¨‡∏≤ #‡∏ß‡∏¥‡∏®‡∏ß‡∏∞‡∏à‡∏∏‡∏¨‡∏≤ #‡∏à‡∏∏‡∏¨‡∏≤ #TCAS66. Image.,['‡∏à‡∏∏‡∏¨‡∏≤'],https://twitter.com/escchula,https://twitter.com ‚Ä∫ escchula,
1,Chulalongkorn U.,‡∏õ‡∏ó‡∏≠. ‡∏õ‡∏£‡∏∞‡∏Å‡∏≤‡∏® ‡∏õ‡∏µ‡∏ô‡∏µ‡πâ #DEK67 ‡∏™‡∏≤‡∏°‡∏≤‡∏£‡∏ñ‡πÄ‡∏•‡∏∑‡∏≠‡∏Å‡∏≠‡∏±‡∏ô‡∏î‡∏±‡∏ö #TCAS67 ‡πÉ‡∏ô‡∏£‡∏≠‡∏ö 3 ‡πÅ‡∏≠‡∏î‡∏°‡∏¥‡∏ä‡∏ä‡∏±‡∏ô ‡∏ü‡∏£‡∏µ!! ‡πÇ‡∏î‡∏¢‡πÉ‡∏´‡πâ‡∏™‡∏¥‡∏ó‡∏ò‡∏¥‡πå‡∏™‡∏≥‡∏´‡∏£‡∏±‡∏ö‡∏ú‡∏π‡πâ‡∏™‡∏°‡∏±‡∏Ñ‡∏£ 1 ‡∏Ñ‡∏ô/‡∏Ñ‡∏£‡∏±‡πâ‡∏á ‡πÅ‡∏•‡∏∞‡∏™‡∏≤‡∏°‡∏≤‡∏£‡∏ñ‡πÄ‡∏•‡∏∑‡∏≠‡∏Å‡πÑ‡∏î‡πâ‡∏°‡∏≤‡∏Å‡∏ó‡∏µ‡πà‡∏™‡∏∏‡∏î 10 ‡∏≠‡∏±‡∏ô‡∏î‡∏±‡∏ö¬†...,,https://twitter.com/ChulalongkornU/status/1788161929887855069,https://twitter.com ‚Ä∫ ChulalongkornU ‚Ä∫ status,
2,Chulalongkorn U.,#‡∏•‡∏≠‡∏¢‡∏Å‡∏£‡∏∞‡∏ó‡∏á #‡∏à‡∏∏‡∏¨‡∏≤ ‡πÉ‡∏ô‡∏ï‡∏≥‡∏ô‡∏≤‡∏ô‡∏Å‡∏•‡∏±‡∏ö‡∏°‡∏≤‡πÅ‡∏•‡πâ‡∏ß   ‡∏à‡∏∏‡∏¨‡∏≤‡∏Ø ‡∏Ç‡∏≠‡∏ä‡∏ß‡∏ô‡∏ó‡∏∏‡∏Å‡∏Ñ‡∏ô‡∏°‡∏≤‡∏á‡∏≤‡∏ô ‡∏•‡∏≠‡∏¢‡∏Å‡∏£‡∏∞‡∏ó‡∏á‡∏à‡∏∏‡∏¨‡∏≤‡∏Ø 2566: ‡∏à‡∏∏‡∏¨‡∏≤‡∏û‡∏≤‡∏•‡∏≠‡∏¢ ‡∏ì ‡∏™‡∏£‡∏∞‡∏ô‡πâ‡∏≥‡∏à‡∏∏‡∏¨‡∏≤‡∏Ø ‡∏£‡πà‡∏ß‡∏°‡∏•‡∏≠‡∏¢‡∏Å‡∏£‡∏∞‡∏ó‡∏á‡πÄ‡∏ó‡∏µ‡∏¢‡∏ô‡∏£‡∏±‡∏Å‡∏©‡∏≤‡∏™‡∏¥‡πà‡∏á‡πÅ‡∏ß‡∏î‡∏•‡πâ‡∏≠‡∏°¬†...,['‡∏à‡∏∏‡∏¨‡∏≤'],https://twitter.com/ChulalongkornU/status/1728971918122823798,https://twitter.com ‚Ä∫ ChulalongkornU ‚Ä∫ status,
3,newswit,‡∏à‡∏∏‡∏¨‡∏≤‡∏•‡∏á‡∏Å‡∏£‡∏ì‡πå‡∏°‡∏´‡∏≤‡∏ß‡∏¥‡∏ó‡∏¢‡∏≤‡∏•‡∏±‡∏¢ ‡∏Ñ‡∏£‡∏≠‡∏á‡∏≠‡∏±‡∏ô‡∏î‡∏±‡∏ö‡∏ó‡∏µ‡πà 1 ‡∏Ç‡∏≠‡∏á‡∏™‡∏ñ‡∏≤‡∏ö‡∏±‡∏ô‡∏≠‡∏∏‡∏î‡∏°‡∏®‡∏∂‡∏Å‡∏©‡∏≤‡πÑ‡∏ó‡∏¢ ‡πÅ‡∏•‡∏∞‡πÄ‡∏õ‡πá‡∏ô‡∏°‡∏´‡∏≤‡∏ß‡∏¥‡∏ó‡∏¢‡∏≤‡∏•‡∏±‡∏¢‡πÑ‡∏ó‡∏¢‡πÄ‡∏û‡∏µ‡∏¢‡∏á‡πÅ‡∏´‡πà‡∏á‡πÄ‡∏î‡∏µ‡∏¢‡∏ß‡∏ó‡∏µ‡πà‡∏ï‡∏¥‡∏î‡∏≠‡∏±‡∏ô‡∏î‡∏±‡∏ö 100 ‡∏™‡∏∏‡∏î‡∏¢‡∏≠‡∏î‡∏Ç‡∏≠‡∏á‡πÇ‡∏•‡∏Å ‡∏à‡∏≤‡∏Å‡∏ú‡∏•‡∏Å‡∏≤‡∏£‡∏à‡∏±‡∏î‡∏≠‡∏±‡∏ô‡∏î‡∏±‡∏ö QS World University¬†...,,https://twitter.com/newswit5/status/1800746037281542232,https://twitter.com ‚Ä∫ newswit5 ‚Ä∫ status,
4,"Faculty of Medicine, Chulalongkorn U.",CU-MEDi VIRTUAL OPEN HOUSE 2021 ‡∏ß‡∏±‡∏ô‡∏û‡∏∏‡∏ò‡∏ó‡∏µ‡πà 21 ‡∏Å‡∏£‡∏Å‡∏é‡∏≤‡∏Ñ‡∏° ‡∏û.‡∏®. 2564: 12.00 ‡∏ô.: ‡∏Ñ‡∏ì‡∏∞‡πÅ‡∏û‡∏ó‡∏¢‡∏®‡∏≤‡∏™‡∏ï‡∏£‡πå ‡∏à‡∏∏‡∏¨‡∏≤‡∏•‡∏á‡∏Å‡∏£‡∏ì‡πå‡∏°‡∏´‡∏≤‡∏ß‡∏¥‡∏ó‡∏¢‡∏≤‡∏•‡∏±‡∏¢ ‡∏™‡∏≤‡∏°‡∏≤‡∏£‡∏ñ‡∏≠‡πà‡∏≤‡∏ô‡∏Ç‡πà‡∏≤‡∏ß‡πÄ‡∏û‡∏¥‡πà‡∏°‡πÄ‡∏ï‡∏¥‡∏°‡πÑ‡∏î‡πâ‡∏ó‡∏µ‡πà¬†...,,https://twitter.com/prmdcu/status/1418475574029291521,https://twitter.com ‚Ä∫ prmdcu ‚Ä∫ status,
5,TCASter,‡∏à‡∏∏‡∏¨‡∏≤‡∏•‡∏á‡∏Å‡∏£‡∏ì‡πå‡∏°‡∏´‡∏≤‡∏ß‡∏¥‡∏ó‡∏¢‡∏≤‡∏•‡∏±‡∏¢ ‡∏°‡∏µ‡∏Ñ‡∏ì‡∏∞‡∏≠‡∏∞‡πÑ‡∏£‡∏ö‡πâ‡∏≤‡∏á? . ‡πÅ‡∏´‡∏•‡πà‡∏á‡∏Ç‡πâ‡∏≠‡∏°‡∏π‡∏•‡∏°‡∏´‡∏≤‡∏ß‡∏¥‡∏ó‡∏¢‡∏≤‡∏•‡∏±‡∏¢ ‡πÄ‡∏ß‡πá‡∏ö‡πÑ‡∏ã‡∏ï‡πå : https://t.co/DDSZUHe5go ‡∏≠‡πà‡∏≤‡∏ô‡∏Ç‡πâ‡∏≠‡∏°‡∏π‡∏•‡πÅ‡∏ï‡πà‡∏•‡∏∞‡∏Ñ‡∏ì‡∏∞ https://t.co/k6KN2BNS0S #‡∏à‡∏∏‡∏¨‡∏≤ #CU¬†...,,https://twitter.com/TCASterApp/status/1638775078174486531,https://twitter.com ‚Ä∫ TCASterApp ‚Ä∫ status,
6,"Faculty of Medicine, Chulalongkorn U.",‡πÅ‡∏û‡∏ó‡∏¢‡πå‡∏à‡∏∏‡∏¨‡∏≤‡∏Ø ‡πÄ‡∏õ‡∏¥‡∏î‡∏£‡∏±‡∏ö‡∏™‡∏°‡∏±‡∏Ñ‡∏£‡∏ú‡∏π‡πâ‡∏ó‡∏µ‡πà‡∏°‡∏µ‡∏ß‡∏∏‡∏í‡∏¥‡∏Å‡∏≤‡∏£‡∏®‡∏∂‡∏Å‡∏©‡∏≤‡∏£‡∏∞‡∏î‡∏±‡∏ö‡∏õ‡∏£‡∏¥‡∏ç‡∏ç‡∏≤‡∏ï‡∏£‡∏µ‡∏ó‡∏∏‡∏Å‡∏™‡∏≤‡∏Ç‡∏≤ ‡πÄ‡∏Ç‡πâ‡∏≤‡∏®‡∏∂‡∏Å‡∏©‡∏≤‡∏ï‡πà‡∏≠‡πÉ‡∏ô‡∏´‡∏•‡∏±‡∏Å‡∏™‡∏π‡∏ï‡∏£‡πÅ‡∏û‡∏ó‡∏¢‡∏®‡∏≤‡∏™‡∏ï‡∏£‡∏ö‡∏±‡∏ì‡∏ë‡∏¥‡∏ï (‡∏´‡∏•‡∏±‡∏Å‡∏™‡∏π‡∏ï‡∏£‡∏ô‡∏≤‡∏ô‡∏≤‡∏ä‡∏≤‡∏ï‡∏¥) ‡∏´‡∏£‡∏∑‡∏≠ CU-MEDi ‡∏õ‡∏£‡∏∞‡∏à‡∏≥‡∏õ‡∏µ‡∏Å‡∏≤‡∏£‡∏®‡∏∂‡∏Å‡∏©‡∏≤ 2565 ‡∏™‡∏°‡∏±‡∏Ñ‡∏£‡∏ó‡∏µ‡πà¬†...,,https://twitter.com/prmdcu/status/1490621831618838528,https://twitter.com ‚Ä∫ prmdcu ‚Ä∫ status,
7,Chulalongkorn U.,‡∏à‡∏∏‡∏¨‡∏≤‡∏Ø ‡∏ä‡∏µ‡πâ‡πÅ‡∏à‡∏á‡∏Ç‡πâ‡∏≠‡πÄ‡∏ó‡πá‡∏à‡∏à‡∏£‡∏¥‡∏á‡∏Å‡∏£‡∏ì‡∏µ‡∏ô‡∏¥‡∏™‡∏¥‡∏ï‡∏à‡∏≤‡∏Å‡∏™‡∏†‡∏≤‡∏ô‡∏¥‡∏™‡∏¥‡∏ï‡∏à‡∏∏‡∏¨‡∏≤‡∏Ø ‡∏ñ‡∏π‡∏Å‡∏ô‡∏≥‡∏ï‡∏±‡∏ß‡∏≠‡∏≠‡∏Å‡∏à‡∏≤‡∏Å‡∏û‡∏¥‡∏ò‡∏µ‡∏ñ‡∏ß‡∏≤‡∏¢‡∏™‡∏±‡∏ï‡∏¢‡πå‡∏õ‡∏è‡∏¥‡∏ç‡∏≤‡∏ì‡∏ï‡∏ô‡πÄ‡∏õ‡πá‡∏ô‡∏ô‡∏¥‡∏™‡∏¥‡∏ï‡∏à‡∏∏‡∏¨‡∏≤‡∏Ø http://chula.ac.th/th/archive/63023‚Ä¶ #‡∏à‡∏∏‡∏¨‡∏≤ #‡∏ñ‡∏ß‡∏≤‡∏¢‡∏™‡∏±‡∏ï‡∏¢‡πå.,['‡∏à‡∏∏‡∏¨‡∏≤'],https://twitter.com/ChulalongkornU/status/893115339017379852,https://twitter.com ‚Ä∫ ChulalongkornU ‚Ä∫ status,
8,"Faculty of Medicine, Chulalongkorn U.",CU-MEDi Announcement (Academic Year 2021) Please visit https://cu-medi.md.chula.ac.th/admission/#Announcement‚Ä¶ for more details.,,https://mobile.twitter.com/prmdcu/status/1369546187607478273,https://mobile.twitter.com ‚Ä∫ prmdcu ‚Ä∫ status,
9,"Faculty of Medicine, Chulalongkorn U.",Chulalongkorn International Medical Program CU-MEDi Virtual Open House 2021 21 July 12.00 - 13.00 pm. Facebook Live : ‡∏Ñ‡∏ì‡∏∞‡πÅ‡∏û‡∏ó‡∏¢‡∏®‡∏≤‡∏™‡∏ï‡∏£‡πå¬†...,,https://twitter.com/prmdcu/status/1412982384761344001,https://twitter.com ‚Ä∫ prmdcu ‚Ä∫ status,
10,Thai Enquirer,"#Thailand #‡∏à‡∏∏‡∏¨‡∏≤‡∏ò‡∏£‡∏£‡∏°‡∏®‡∏≤‡∏™‡∏ï‡∏£‡πå #‡∏à‡∏∏‡∏¨‡∏≤ #‡∏ò‡∏£‡∏£‡∏°‡∏®‡∏≤‡∏™‡∏ï‡∏£‡πå. Image. 4:12 AM ¬∑ Apr 1, 2024. ¬∑. 2,472. Views.",['‡∏à‡∏∏‡∏¨‡∏≤'],https://twitter.com/ThaiEnquirer/status/1774651093353673139,https://twitter.com ‚Ä∫ status,"{'inline': [{'title': 'Translate this page', 'link': 'https://translate.google.com/translate?hl=en&sl=th&u=https://twitter.com/ThaiEnquirer/status/1774651093353673139&prev=search&pto=aue'}]}"
11,"Faculty of Medicine, Chulalongkorn U.",#‡πÅ‡∏û‡∏ó‡∏¢‡πå‡∏à‡∏∏‡∏¨‡∏≤ #‡∏Ñ‡∏ì‡∏∞‡πÅ‡∏û‡∏ó‡∏¢‡πå #‡πÅ‡∏û‡∏ó‡∏¢‡πå‡∏≠‡∏¥‡∏ô‡πÄ‡∏ï‡∏≠‡∏£‡πå #‡∏à‡∏∏‡∏¨‡∏≤ #cumedi #pr #news.,['‡∏à‡∏∏‡∏¨‡∏≤'],https://twitter.com/prmdcu/status/1453230396905295878,https://twitter.com ‚Ä∫ prmdcu ‚Ä∫ status,
12,TCASter,‡∏ñ‡∏∂‡∏á‡∏ô‡πâ‡∏≠‡∏á‡πÜ ‡∏ó‡∏µ‡πà‡∏≠‡∏¢‡∏≤‡∏Å‡πÄ‡∏Ç‡πâ‡∏≤ #‡∏à‡∏∏‡∏¨‡∏≤ . ‡∏ß‡∏±‡∏ô‡∏ô‡∏µ‡πâ‡∏û‡∏µ‡πà‡πÜ TCASter ‡πÄ‡∏≠‡∏≤‡πÉ‡∏à‡∏ô‡πâ‡∏≠‡∏á ‡∏ó‡∏µ‡πà‡∏≠‡∏¢‡∏≤‡∏Å‡∏™‡∏°‡∏±‡∏Ñ‡∏£ ‡∏£‡∏≠‡∏ö 3 ‡∏à‡∏∏‡∏¨‡∏≤‡πÜ ‡∏ï‡πâ‡∏≠‡∏á‡∏°‡∏µ‡πÄ‡∏Å‡∏£‡∏î‡πÄ‡∏ó‡πà‡∏≤‡πÑ‡∏´‡∏£‡πà? ‡∏°‡∏≤‡∏î‡∏π‡∏Å‡∏±‡∏ô‡πÄ‡∏•‡∏¢ ‡πÄ‡∏ä‡πá‡∏Å‡∏Ç‡πâ‡∏≠‡∏°‡∏π‡∏•‡πÑ‡∏î‡πâ‡∏ó‡∏µ‡πà http://course.mytcas.com/universities/001‚Ä¶,['‡∏à‡∏∏‡∏¨‡∏≤'],https://twitter.com/TCASterApp/status/1772118715754074351,https://twitter.com ‚Ä∫ status,"{'inline': [{'title': 'Translate this page', 'link': 'https://translate.google.com/translate?hl=en&sl=th&u=https://twitter.com/TCASterApp/status/1772118715754074351&prev=search&pto=aue'}]}"
13,"Faculty of Medicine, Chulalongkorn U.",#‡πÅ‡∏û‡∏ó‡∏¢‡πå‡∏à‡∏∏‡∏¨‡∏≤ #‡πÅ‡∏û‡∏ó‡∏¢‡πå‡∏≠‡∏¥‡∏ô‡πÄ‡∏ï‡∏≠‡∏£‡πå #‡∏à‡∏∏‡∏¨‡∏≤ #cumedi. Translate post.,['‡∏à‡∏∏‡∏¨‡∏≤'],https://twitter.com/prmdcu/status/1316670340836192256,https://twitter.com ‚Ä∫ prmdcu ‚Ä∫ status,
14,"Faculty of Medicine, Chulalongkorn U.","... #‡πÅ‡∏û‡∏ó‡∏¢‡πå‡∏à‡∏∏‡∏¨‡∏≤ #‡∏Ñ‡∏ì‡∏∞‡πÅ‡∏û‡∏ó‡∏¢‡πå #‡πÅ‡∏û‡∏ó‡∏¢‡∏®‡∏≤‡∏™‡∏ï‡∏£‡πå #‡πÅ‡∏û‡∏ó‡∏¢‡πå‡∏≠‡∏¥‡∏ô‡πÄ‡∏ï‡∏≠‡∏£‡πå #‡∏à‡∏∏‡∏¨‡∏≤ #cumedi #medical #medicine #chula #medchula #chulalongkorn. Image. 9:51 AM ¬∑ Jul 8, 2020.",['‡∏à‡∏∏‡∏¨‡∏≤'],https://twitter.com/prmdcu/status/1280801602526314497,https://twitter.com ‚Ä∫ prmdcu ‚Ä∫ status,
15,TCASter,‡∏≠‡∏¢‡∏≤‡∏Å‡∏ï‡∏¥‡∏î #‡∏à‡∏∏‡∏¨‡∏≤ ‡∏ï‡πâ‡∏≠‡∏á‡∏°‡∏π‡∏ó‡∏µ‡πà‡πÑ‡∏´‡∏ô‚ú® . ‡πÅ‡∏ô‡∏∞‡∏ô‡∏≥‡∏ó‡∏µ‡πà‡∏û‡∏£‡∏∞‡∏ö‡∏£‡∏°‡∏£‡∏≤‡∏ä‡∏≤‡∏ô‡∏∏‡∏™‡∏≤‡∏ß‡∏£‡∏µ‡∏¢‡πå‡∏™‡∏≠‡∏á‡∏£‡∏±‡∏ä‡∏Å‡∏≤‡∏• ‡∏™‡∏ñ‡∏≤‡∏ô‡∏ó‡∏µ‡πà‡∏®‡∏±‡∏Å‡∏î‡∏¥‡πå‡∏™‡∏¥‡∏ó‡∏ò‡∏¥‡πå‡∏Ç‡∏≠‡∏á‡∏ä‡∏≤‡∏ß‡∏à‡∏∏‡∏¨‡∏≤ ‡πÄ‡∏´‡∏°‡∏≤‡∏∞‡∏Å‡∏±‡∏ö‡∏Ñ‡∏ô‡∏≠‡∏¢‡∏≤‡∏Å‡∏ï‡∏¥‡∏î‡∏à‡∏∏‡∏¨‡∏≤‡∏™‡∏∏‡∏î ‡πÜ . ‡∏ß‡∏±‡∏¢‡πÄ‡∏£‡∏µ‡∏¢‡∏ômuj‡πÑ‡∏°‡πà‡∏≠‡∏¢‡∏≤‡∏Å‡∏û‡∏•‡∏≤‡∏î‡∏Ç‡πà‡∏≤‡∏ß‡∏™‡∏≤‡∏£‡∏î‡∏µ ‡πÜ ‡πÇ‡∏´‡∏•‡∏î‡πÅ‡∏≠‡∏õ¬†...,,https://twitter.com/TCASterApp/status/1711977426778231192,https://twitter.com ‚Ä∫ TCASterApp ‚Ä∫ status,
16,‡∏Å‡∏£‡∏£‡∏°‡∏Å‡∏≤‡∏£‡∏ô‡∏¥‡∏™‡∏¥‡∏ï‡∏Ñ‡∏ì‡∏∞‡∏ß‡∏¥‡∏®‡∏ß‡∏Å‡∏£‡∏£‡∏°‡∏®‡∏≤‡∏™‡∏ï‡∏£‡πå ‡∏Å‡∏ß‡∏®.,"... https://bit.ly/cueng66-info üñ•Ô∏è ‡∏™‡∏≤‡∏°‡∏≤‡∏£‡∏ñ‡∏ï‡∏¥‡∏î‡∏ï‡∏≤‡∏°‡∏Ç‡πà‡∏≤‡∏ß‡∏™‡∏≤‡∏£‡πÑ‡∏î‡πâ‡∏ó‡∏≤‡∏á FB/IG : @escchula ¬∑ #‡∏ß‡∏¥‡∏®‡∏ß‡∏à‡∏∏‡∏¨‡∏≤ #‡∏ß‡∏¥‡∏®‡∏ß‡∏∞‡∏à‡∏∏‡∏¨‡∏≤ #‡∏à‡∏∏‡∏¨‡∏≤ #TCAS66. Image. 2:16 AM ¬∑ May 20, 2023.",['‡∏à‡∏∏‡∏¨‡∏≤'],https://twitter.com/escchula/status/1659744884407033856,https://twitter.com ‚Ä∫ escchula ‚Ä∫ status,
17,"""#NEXKY #CUNEX #CU #‡∏à‡∏≠‡∏á‡∏´‡πâ‡∏≠‡∏á‡∏™‡πà‡∏ß‡∏ô‡∏Å‡∏•‡∏≤‡∏á #‡∏à‡∏∏‡∏¨‡∏≤ # ...","#NEXKY #CUNEX #CU #‡∏à‡∏≠‡∏á‡∏´‡πâ‡∏≠‡∏á‡∏™‡πà‡∏ß‡∏ô‡∏Å‡∏•‡∏≤‡∏á #‡∏à‡∏∏‡∏¨‡∏≤ #‡∏™‡πà‡∏ß‡∏ô‡∏Å‡∏•‡∏≤‡∏á #Coworkingspace #‡∏´‡πâ‡∏≠‡∏á‡∏™‡∏°‡∏∏‡∏î ¬∑ 12:00 PM ¬∑ May 4, 2024. ¬∑. 55. Views.",['‡∏à‡∏∏‡∏¨‡∏≤'],https://twitter.com/cu_nex/status/1786727611298889928,https://twitter.com ‚Ä∫ cu_nex ‚Ä∫ status,"{'inline': [{'title': 'Translate this page', 'link': 'https://translate.google.com/translate?hl=en&sl=th&u=https://twitter.com/cu_nex/status/1786727611298889928&prev=search&pto=aue'}]}"
18,"""‡πÄ‡∏£‡∏≤‡∏à‡∏∂‡∏á‡∏•‡∏≠‡∏á‡∏ä‡∏ß‡∏ô '‡πÄ‡∏ô‡∏ï‡∏¥‡∏ß‡∏¥‡∏ó‡∏¢‡πå ' ‡∏ô‡∏¥‡∏™‡∏¥‡∏ï‡∏à‡∏∏‡∏¨‡∏≤‡∏Ø ‡∏°‡∏≤‡∏™‡∏∞‡∏ó‡πâ‡∏≠‡∏ô‡∏°‡∏∏‡∏°‡∏°‡∏≠‡∏á‡∏õ‡∏£‡∏≤‡∏Å‡∏è‡∏Å‡∏≤‡∏£‡∏ì‡πå ...","... ‡πÄ‡∏£‡∏≤‡∏°‡∏≠‡∏á‡∏ß‡πà‡∏≤‡∏™‡∏ñ‡∏≤‡∏ö‡∏±‡∏ô‡∏≠‡∏≤‡∏ä‡∏µ‡∏ß‡∏∞‡πÅ‡∏´‡πà‡∏á‡∏ô‡∏µ‡πâ‡∏ï‡πâ‡∏≠‡∏á‡∏¢‡πâ‡∏≤‡∏¢‡∏≠‡∏≠‡∏Å‡πÑ‡∏õ ‡∏î‡πâ‡∏ß‡∏¢‡πÄ‡∏´‡∏ï‡∏∏‡∏ú‡∏•‡∏î‡πâ‡∏≤‡∏ô‡∏Å‡∏≤‡∏£‡∏ó‡∏∞‡πÄ‡∏•‡∏≤‡∏∞‡∏ß‡∏¥‡∏ß‡∏≤‡∏ó‡∏≠‡∏¢‡πà‡∏≤‡∏á‡πÄ‡∏î‡∏µ‡∏¢‡∏ß ‡πÄ‡∏´‡∏ï‡∏∏‡∏ú‡∏•‡∏ô‡∏µ‡πâ‡∏´‡∏ô‡∏±‡∏Å‡πÅ‡∏ô‡πà‡∏ô‡∏°‡∏≤‡∏Å‡πÄ‡∏û‡∏µ‡∏¢‡∏á‡∏û‡∏≠‡∏´‡∏£‡∏∑‡∏≠‡∏¢‡∏±‡∏á? #‡∏à‡∏∏‡∏¨‡∏≤. Translate post. 4:29 AM ¬∑ Feb 1, 2024. ¬∑. 1,436. Views.",['‡∏à‡∏∏‡∏¨‡∏≤'],https://twitter.com/thairathplus/status/1752912140397384182,https://twitter.com ‚Ä∫ thairathplus ‚Ä∫ status,
19,CU NEX,"... ‡πÑ‡∏ß‡πâ‡πÉ‡∏ä‡πâ‡∏Å‡∏±‡∏ô‡πÑ‡∏î‡πâ ‡∏ó‡∏µ‡πà https://drive.google.com/drive/folders/17nXMXpP8qdTXkrp8lQfK3esHo4dLGuEh‚Ä¶ #‡∏à‡∏∏‡∏¨‡∏≤ #‡πÄ‡∏£‡∏µ‡∏¢‡∏ô‡∏≠‡∏≠‡∏ô‡πÑ‡∏•‡∏ô‡πå. Image. 6:21 AM ¬∑ Aug 17, 2020 ¬∑ 1. Repost. 1.",['‡∏à‡∏∏‡∏¨‡∏≤'],https://twitter.com/cu_nex/status/1295244326432157696,https://twitter.com ‚Ä∫ cu_nex ‚Ä∫ status,
20,cafetoreador (@cafetoreador1) / X,Cafe Toreador ‡∏≠‡∏£‡πà‡∏≠‡∏¢‡∏Ñ‡∏£‡∏ö‡∏ó‡∏±‡πâ‡∏á‡πÄ‡∏Ñ‡∏£‡∏∑‡πà‡∏≠‡∏á‡∏î‡∏∑‡πà‡∏°‡πÅ‡∏•‡∏∞‡∏≠‡∏≤‡∏´‡∏≤‡∏£‡∏´‡∏•‡∏≤‡∏Å‡∏´‡∏•‡∏≤‡∏¢‡πÄ‡∏°‡∏ô‡∏π ‡∏°‡∏≤‡∏û‡∏£‡πâ‡∏≠‡∏°‡∏û‡∏∑‡πâ‡∏ô‡∏ó‡∏µ‡πà‡∏ô‡∏±‡πà‡∏á‡∏ä‡∏¥‡∏•‡∏•‡πå‡πÉ‡∏ô‡∏ö‡∏£‡∏£‡∏¢‡∏≤‡∏Å‡∏≤‡∏®‡∏ó‡∏µ‡πà‡∏£‡πà‡∏°‡∏£‡∏∑‡πà‡∏ô‡πÉ‡∏à‡∏Å‡∏•‡∏≤‡∏á‚Äã #‡∏à‡∏∏‡∏¨‡∏≤‡∏•‡∏á‡∏Å‡∏£‡∏ì‡πå‚Äã #coffee #cafeToreador #chula #‡∏à‡∏∏‡∏¨‡∏≤ #‡∏™‡∏ñ‡∏≤‡∏õ‡∏±‡∏ï‡∏¢‡πå‡∏à‡∏∏‡∏¨‡∏≤¬†...,['‡∏à‡∏∏‡∏¨‡∏≤'],https://twitter.com/cafetoreador1,https://twitter.com ‚Ä∫ cafetoreador1,
21,"Faculty of Medicine, Chulalongkorn U.","... for more details. #‡πÅ‡∏û‡∏ó‡∏¢‡πå‡∏à‡∏∏‡∏¨‡∏≤ #‡∏Ñ‡∏ì‡∏∞‡πÅ‡∏û‡∏ó‡∏¢‡πå #‡πÅ‡∏û‡∏ó‡∏¢‡∏®‡∏≤‡∏™‡∏ï‡∏£‡πå #‡πÅ‡∏û‡∏ó‡∏¢‡πå‡∏≠‡∏¥‡∏ô‡πÄ‡∏ï‡∏≠‡∏£‡πå #‡∏à‡∏∏‡∏¨‡∏≤ #cumedi #medical #medicine #chula #medchula. Image. 8:43 AM ¬∑ Mar 24, 2021.",['‡∏à‡∏∏‡∏¨‡∏≤'],https://twitter.com/prmdcu/status/1374643024852967424,https://twitter.com ‚Ä∫ prmdcu ‚Ä∫ status,
22,‡∏Ñ‡∏ì‡∏∞‡∏Å‡∏£‡∏£‡∏°‡∏Å‡∏≤‡∏£‡∏ô‡∏¥‡∏™‡∏¥‡∏ï‡∏Ñ‡∏ì‡∏∞‡∏ô‡∏¥‡πÄ‡∏ó‡∏®‡∏®‡∏≤‡∏™‡∏ï‡∏£‡πå ‡∏à‡∏∏‡∏¨‡∏≤‡∏Ø,"... ‡∏ñ‡∏∂‡∏á 15,000 ‡∏Å‡∏±‡∏ô‡πÄ‡∏ñ‡∏≠‡∏∞ ‡πÉ‡∏´‡πâ‡∏Å‡∏≤‡∏£‡πÄ‡∏õ‡∏•‡∏µ‡πà‡∏¢‡∏ô‡πÅ‡∏õ‡∏•‡∏á‡∏ô‡∏µ‡πâ‡πÄ‡∏Å‡∏¥‡∏î‡∏Ç‡∏∂‡πâ‡∏ô‡πÉ‡∏ô‡∏¢‡∏∏‡∏Ñ‡∏™‡∏°‡∏±‡∏¢‡∏Ç‡∏≠‡∏á‡πÄ‡∏£‡∏≤‡∏ó‡∏∏‡∏Å‡∏Ñ‡∏ô #‡∏à‡∏∏‡∏¨‡∏≤ #‡∏ô‡∏¥‡πÄ‡∏ó‡∏®‡∏à‡∏∏‡∏¨‡∏≤. Translate post. Quote. ‡∏†‡∏≤‡∏Ñ‡∏µ‡∏ô‡∏¥‡∏™‡∏¥‡∏ï‡∏à‡∏∏‡∏¨‡∏≤‡∏Ø ‡πÄ‡∏û‡∏∑‡πà‡∏≠‡∏™‡∏¥‡∏ó‡∏ò‡∏¥‡πÅ‡∏•‡∏∞‡πÄ‡∏™‡∏£‡∏µ‡∏†‡∏≤‡∏û.",['‡∏à‡∏∏‡∏¨‡∏≤'],https://twitter.com/knt_nitadechula/status/1725738733365072049,https://twitter.com ‚Ä∫ knt_nitadechula ‚Ä∫ status,
23,"Faculty of Medicine, Chulalongkorn U.","... open during 31st January ‚Äì 23rd February, 2022 by 13:00 #‡πÅ‡∏û‡∏ó‡∏¢‡πå‡∏à‡∏∏‡∏¨‡∏≤ #‡πÅ‡∏û‡∏ó‡∏¢‡πå‡∏≠‡∏¥‡∏ô‡πÄ‡∏ï‡∏≠‡∏£‡πå #‡∏à‡∏∏‡∏¨‡∏≤ #cumedi #medicine #chula #medchula. Image. 12:19 PM ¬∑ Sep 18, 2021 ¬∑ 4.",['‡∏à‡∏∏‡∏¨‡∏≤'],https://twitter.com/prmdcu/status/1439202441652686848,https://twitter.com ‚Ä∫ prmdcu ‚Ä∫ status,
24,CU NEX,"... ‡πÄ‡∏ä‡πá‡∏Å‡∏ï‡∏≤‡∏£‡∏≤‡∏á‡∏™‡∏≠‡∏ö‡∏ö‡πà‡∏≠‡∏¢ ‡πÜ ‡∏î‡πâ‡∏ß‡∏¢‡∏ü‡∏µ‡πÄ‡∏à‡∏≠‡∏£‡πå '‡∏õ‡∏è‡∏¥‡∏ó‡∏¥‡∏ô' ‡πÅ‡∏•‡∏∞ '‡∏ß‡∏¥‡∏ä‡∏≤‡πÄ‡∏£‡∏µ‡∏¢‡∏ô' ‡πÉ‡∏ô‡πÅ‡∏≠‡∏õ‡∏Ø CU NEX ‡∏™‡∏∞‡∏î‡∏ß‡∏Å‡∏™‡∏ö‡∏≤‡∏¢‡πÅ‡∏ö‡∏ö‡∏ô‡∏µ‡πâ‡∏à‡∏∞‡∏™‡∏≠‡∏ö‡∏ß‡∏¥‡∏ä‡∏≤‡πÑ‡∏´‡∏ô ‡∏ß‡∏±‡∏ô‡πÑ‡∏´‡∏ô ‡∏Å‡πá‡πÑ‡∏°‡πà‡∏°‡∏µ‡∏Ñ‡∏≥‡∏ß‡πà‡∏≤‡∏û‡∏•‡∏≤‡∏î #‡∏à‡∏∏‡∏¨‡∏≤. Image. 2:37 PM ¬∑ Nov 29, 2020.",['‡∏à‡∏∏‡∏¨‡∏≤'],https://twitter.com/cu_nex/status/1333057585033867266,https://twitter.com ‚Ä∫ cu_nex ‚Ä∫ status,
25,The Planner Education,"... #TCAS #tcas66 #gatpat #9‡∏ß‡∏¥‡∏ä‡∏≤‡∏™‡∏≤‡∏°‡∏±‡∏ç #‡∏ï‡∏¥‡∏ß‡∏™‡∏≠‡∏ö‡πÄ‡∏Ç‡πâ‡∏≤ #‡∏ï‡∏¥‡∏ß‡πÄ‡∏Ç‡πâ‡∏≤‡∏°‡∏´‡∏≤‡∏•‡∏±‡∏¢ #‡πÄ‡∏Ç‡πâ‡∏≤‡∏≠‡∏¥‡∏ô‡πÄ‡∏ï‡∏≠‡∏£‡πå #‡∏™‡∏≠‡∏ö‡πÄ‡∏Ç‡πâ‡∏≤‡∏Ñ‡∏ì‡∏∞‡∏≠‡∏¥‡∏ô‡πÄ‡∏ï‡∏≠‡∏£‡πå #‡∏à‡∏∏‡∏¨‡∏≤ #‡∏≠‡∏±‡∏Å‡∏©‡∏£‡∏à‡∏∏‡∏¨‡∏≤. Image. 11:00 AM ¬∑ Nov 7, 2021 ¬∑ 3. Reposts. 1.",['‡∏à‡∏∏‡∏¨‡∏≤'],https://twitter.com/theplannertutor/status/1457301804656455683,https://twitter.com ‚Ä∫ theplannertutor ‚Ä∫ status,
26,‡∏ñ‡πà‡∏≤‡∏¢‡∏£‡∏π‡∏õ‡∏£‡∏±‡∏ö‡∏õ‡∏£‡∏¥‡∏ç‡∏ç‡∏≤ - #‡∏£‡∏µ‡∏ß‡∏¥‡∏ß - #‡∏à‡∏∏‡∏¨‡∏≤‡∏•‡∏á‡∏Å‡∏£‡∏ì‡πå‡∏°‡∏´‡∏≤‡∏ß‡∏¥‡∏ó‡∏¢‡∏≤‡∏•‡∏±‡∏¢ - #‡∏ô‡∏≠‡∏Å‡∏£‡∏≠‡∏ö,"""Tomtam "" Are you ready? Special time for you. #twenty2six Line:aui2203 FB:Wittawat Aui #CU #Chula #graduate #‡∏Ñ‡∏ì‡∏∞‡∏™‡∏´‡πÄ‡∏ß‡∏ä #‡∏ô‡∏≠‡∏Å‡∏£‡∏≠‡∏ö‡∏à‡∏∏‡∏¨‡∏≤ #‡∏à‡∏∏‡∏¨‡∏≤¬†...",['‡∏à‡∏∏‡∏¨‡∏≤'],https://twitter.com/Jiranon2261982/status/1355016174229053440,https://twitter.com ‚Ä∫ Jiranon2261982 ‚Ä∫ status,
27,MSCU,"Conversation. MSCU ¬∑ @MatsciCU. TCAS66 ‡∏à‡∏∏‡∏¨‡∏≤‡∏Ø #TCAS66 #dek66 #tcas #‡∏à‡∏∏‡∏¨‡∏≤ #‡∏ß‡∏¥‡∏ó‡∏¢‡∏≤‡∏à‡∏∏‡∏¨‡∏≤ #‡∏ß‡∏±‡∏™‡∏î‡∏∏‡∏à‡∏∏‡∏¨‡∏≤ #mstscicu. Image. 9:03 AM ¬∑ Sep 16, 2022.",['‡∏à‡∏∏‡∏¨‡∏≤'],https://mobile.twitter.com/MatsciCU/status/1570699951755395073,https://mobile.twitter.com ‚Ä∫ status,"{'inline': [{'title': 'Translate this page', 'link': 'https://translate.google.com/translate?hl=en&sl=th&u=https://mobile.twitter.com/MatsciCU/status/1570699951755395073&prev=search&pto=aue'}]}"
28,"Faculty of Medicine, Chulalongkorn U.","‡∏´‡∏•‡∏±‡∏Å‡∏™‡∏π‡∏ï‡∏£‡πÅ‡∏û‡∏ó‡∏¢‡πå‡∏≠‡∏¥‡∏ô‡πÄ‡∏ï‡∏≠‡∏£‡πå 4 ‡∏õ‡∏µ ‡πÅ‡∏´‡πà‡∏á‡πÅ‡∏£‡∏Å‡πÉ‡∏ô‡πÑ‡∏ó‡∏¢ "" ‡∏à‡∏ö‡∏õ‡∏£‡∏¥‡∏ç‡∏ç‡∏≤‡∏ï‡∏£‡∏µ‡∏™‡∏≤‡∏Ç‡∏≤‡πÉ‡∏î ‡∏ñ‡πâ‡∏≤‡∏°‡∏µ‡∏Ñ‡∏ß‡∏≤‡∏°‡∏ï‡∏±‡πâ‡∏á‡πÉ‡∏à ‡∏Å‡πá‡πÄ‡∏õ‡πá‡∏ô‡πÅ‡∏û‡∏ó‡∏¢‡πå‡πÑ‡∏î‡πâ "" #‡πÅ‡∏û‡∏ó‡∏¢‡πå‡∏à‡∏∏‡∏¨‡∏≤ #‡∏Ñ‡∏ì‡∏∞‡πÅ‡∏û‡∏ó‡∏¢‡πå #‡πÅ‡∏û‡∏ó‡∏¢‡∏®‡∏≤‡∏™‡∏ï‡∏£‡πå #‡πÅ‡∏û‡∏ó‡∏¢‡πå‡∏≠‡∏¥‡∏ô‡πÄ‡∏ï‡∏≠‡∏£‡πå #‡∏à‡∏∏‡∏¨‡∏≤ #cumedi #medical¬†...",['‡∏à‡∏∏‡∏¨‡∏≤'],https://twitter.com/prmdcu/status/1260127746392330245,https://twitter.com ‚Ä∫ prmdcu ‚Ä∫ status,
29,TCASter,"... ‡∏ó‡∏µ‡πà‡∏°‡∏≤ : http://admissions.chula.ac.th/tcas1.html #dek66 #TCAS66 #‡∏à‡∏∏‡∏¨‡∏≤ #portfolio. Translate post. Image. 9:55 AM ¬∑ Sep 21, 2022 ¬∑ 506. Reposts ¬∑ 2.",['‡∏à‡∏∏‡∏¨‡∏≤'],https://twitter.com/TCASterApp/status/1572524922945277952,https://twitter.com ‚Ä∫ TCASterApp ‚Ä∫ status,
30,The Planner Education,"... SAT https://bit.ly/3g2Ov96 #DEK66 #TCAS66 #TCAS #‡∏™‡∏≠‡∏ö‡πÄ‡∏Ç‡πâ‡∏≤‡∏°‡∏´‡∏≤‡∏•‡∏±‡∏¢ #‡πÄ‡∏Ç‡πâ‡∏≤‡∏Ñ‡∏ì‡∏∞‡∏≠‡∏¥‡∏ô‡πÄ‡∏ï‡∏≠‡∏£‡πå #‡∏à‡∏∏‡∏¨‡∏≤ #chula #‡∏™‡∏≠‡∏ösat #‡∏™‡∏≠‡∏öSAT #‡∏ï‡∏¥‡∏ßSAT. Image. 11:00 AM ¬∑ Jun 7, 2022 ¬∑ 1.",['‡∏à‡∏∏‡∏¨‡∏≤'],https://twitter.com/theplannertutor/status/1534128032486653955,https://twitter.com ‚Ä∫ theplannertutor ‚Ä∫ status,
31,TAIC Chulalongkorn,Congratulations!!... ‡∏Ç‡∏≠‡πÅ‡∏™‡∏î‡∏á‡∏Ñ‡∏ß‡∏≤‡∏°‡∏¢‡∏¥‡∏ô‡∏î‡∏µ‡∏Å‡∏±‡∏ö‡∏ö‡∏±‡∏ì‡∏ë‡∏¥‡∏ï‡∏à‡∏∏‡∏¨‡∏≤‡∏Ø ‡∏ó‡∏∏‡∏Å‡∏ó‡πà‡∏≤‡∏ô‡∏î‡πâ‡∏ß‡∏¢‡∏ô‡∏∞‡∏Ñ‡∏∞ .... ‡πÄ‡∏¢‡πâ‡πÜ #CU #Chula #‡∏à‡∏∏‡∏¨‡∏≤ #‡∏à‡∏∏‡∏¨‡∏≤‡∏•‡∏á‡∏Å‡∏£‡∏ì‡πå‡∏°‡∏´‡∏≤‡∏ß‡∏¥‡∏ó‡∏¢‡∏≤‡∏•‡∏±‡∏¢ #‡πÄ‡∏Å‡∏µ‡∏¢‡∏£‡∏ï‡∏¥‡∏†‡∏π‡∏°‡∏¥‡∏à‡∏∏‡∏¨‡∏≤‡∏Ø #‡∏á‡∏≤‡∏ô‡∏û‡∏£‡∏∞‡∏£‡∏≤‡∏ä‡∏ó‡∏≤‡∏ô‡∏õ‡∏£‡∏¥‡∏ç‡∏ç‡∏≤‡∏ö‡∏±‡∏ï‡∏£¬†...,['‡∏à‡∏∏‡∏¨‡∏≤'],https://twitter.com/TICchula/status/1179585457128013824,https://twitter.com ‚Ä∫ TICchula ‚Ä∫ status,
32,Kenji_Mango,„Äåkimono suizou wo tabetai„Äç ‡∏ñ‡πâ‡∏≤‡πÅ‡∏õ‡∏•‡∏ï‡∏£‡∏á‡∏Å‡πá‡∏à‡∏∞‡πÄ‡∏õ‡πá‡∏ô „Äå‡∏ú‡∏°/‡∏î‡∏¥‡∏â‡∏±‡∏ô ‡∏≠‡∏¢‡∏≤‡∏Å‡∏Å‡∏¥‡∏ô‡∏ï‡∏±‡∏ö‡∏≠‡πà‡∏≠‡∏ô‡∏Ç‡∏≠‡∏á‡πÄ‡∏ò‡∏≠„Äç   #‡∏à‡∏∏‡∏¨‡∏≤ #‡∏à‡∏∏‡∏¨‡∏≤‡∏Ø #‡πÑ‡∏ó‡∏¢ #‡∏†‡∏≤‡∏©‡∏≤‡πÑ‡∏ó‡∏¢ #„Çø„Ç§ #„Çø„Ç§Ë™û #ÁïôÂ≠¶ #ÁïôÂ≠¶Êó•Ë®ò #„ÉÅ„É•„É©¬†...,['‡∏à‡∏∏‡∏¨‡∏≤'],https://twitter.com/kenji_mango/status/922148850126569473,https://twitter.com ‚Ä∫ kenji_mango ‚Ä∫ status,
33,"""‡∏ó‡∏≥‡πÑ‡∏° #‡∏à‡∏∏‡∏¨‡∏≤ ‡∏¢‡∏±‡∏á‡πÑ‡∏°‡πà‡πÄ‡∏û‡∏¥‡∏Å‡∏ñ‡∏≠‡∏ô‡∏õ‡∏£‡∏¥‡∏ç‡∏ç‡∏≤ ‡∏Ç‡∏≠‡∏á‡∏Ñ‡∏ô‡∏ó‡∏µ‡πà‡∏õ‡∏•‡∏≠‡∏°‡∏ß‡∏¥‡∏ó‡∏¢‡∏≤‡∏ô‡∏¥‡∏û‡∏ô‡∏ò‡πå ...","‡∏ó‡∏≥‡πÑ‡∏° #‡∏à‡∏∏‡∏¨‡∏≤ ‡∏¢‡∏±‡∏á‡πÑ‡∏°‡πà‡πÄ‡∏û‡∏¥‡∏Å‡∏ñ‡∏≠‡∏ô‡∏õ‡∏£‡∏¥‡∏ç‡∏ç‡∏≤ ‡∏Ç‡∏≠‡∏á‡∏Ñ‡∏ô‡∏ó‡∏µ‡πà‡∏õ‡∏•‡∏≠‡∏°‡∏ß‡∏¥‡∏ó‡∏¢‡∏≤‡∏ô‡∏¥‡∏û‡∏ô‡∏ò‡πå ‡πÄ‡∏û‡∏∑‡πà‡∏≠‡∏à‡∏ö‡∏Å‡∏≤‡∏£‡∏®‡∏∂‡∏Å‡∏©‡∏≤. Translate post. 4:11 AM ¬∑ Jun 14, 2024. ¬∑. 3,019. Views. 59. Reposts.",['‡∏à‡∏∏‡∏¨‡∏≤'],https://twitter.com/LastIFound/status/1801467542416068654,https://twitter.com ‚Ä∫ LastIFound ‚Ä∫ status,
34,CU NEX,‚ÅâÔ∏è ‡∏ß‡∏±‡∏ô‡∏ô‡∏µ‡πâ NEXKY ‡πÄ‡∏ï‡∏£‡∏µ‡∏¢‡∏° Checklist ‡∏°‡∏≤‡πÉ‡∏´‡πâ‡πÄ‡∏û‡∏∑‡πà‡∏≠‡∏ô ‡πÜ ‡πÑ‡∏î‡πâ‡πÑ‡∏õ check check‚úîÔ∏è‚úîÔ∏è ‡∏Ñ‡∏ß‡∏≤‡∏°‡∏û‡∏£‡πâ‡∏≠‡∏°‡∏Ç‡∏≠‡∏á‡∏ï‡∏±‡∏ß‡πÄ‡∏≠‡∏á‡∏Å‡πà‡∏≠‡∏ô‡πÄ‡∏õ‡∏¥‡∏î‡πÄ‡∏ó‡∏≠‡∏°‡πÅ‡∏ö‡∏ö ‡∏õ‡∏±‡∏á‡∏õ‡∏∏‡∏£‡∏¥‡πÄ‡∏¢‡πà http://bit.ly/2EN5lbZ #‡πÄ‡∏õ‡∏¥‡∏î‡πÄ‡∏ó‡∏≠‡∏° #‡∏à‡∏∏‡∏¨‡∏≤.,['‡∏à‡∏∏‡∏¨‡∏≤'],https://twitter.com/cu_nex/status/1291320993495937025,https://twitter.com ‚Ä∫ cu_nex ‚Ä∫ status,
35,‡∏Ñ‡∏£‡∏π‡∏™‡∏£‡πâ‡∏≠‡∏¢ EasyEng,‡∏≠‡∏¢‡∏≤‡∏Å‡∏™‡∏≠‡∏ö‡∏ï‡∏¥‡∏î #ebacu #eba #‡πÄ‡∏®‡∏£‡∏©‡∏ê‡∏®‡∏≤‡∏™‡∏ï‡∏£‡πå #‡∏à‡∏∏‡∏¨‡∏≤ ‡∏ï‡πâ‡∏≠‡∏á‡∏î‡∏π!! ‡∏£‡∏µ‡∏ß‡∏¥‡∏ß‡∏Å‡∏≤‡∏£‡∏™‡∏≠‡∏ö‡∏™‡∏±‡∏°‡∏†‡∏≤‡∏©‡∏ì‡πå ‡∏û‡∏£‡πâ‡∏≠‡∏°‡πÄ‡∏ó‡∏Ñ‡∏ô‡∏¥‡∏Ñ‡∏Å‡∏≤‡∏£‡πÄ‡∏ï‡∏£‡∏µ‡∏¢‡∏°‡∏ï‡∏±‡∏ß‡πÉ‡∏´‡πâ‡∏™‡∏≠‡∏ö‡∏ï‡∏¥‡∏î ‡∏à‡∏≤‡∏Å‡∏£‡∏∏‡πà‡∏ô‡∏û‡∏µ‡πà‡∏Ñ‡∏ì‡∏∞‡∏ï‡∏±‡∏ß‡∏à‡∏£‡∏¥‡∏á ‡∏û‡∏µ‡πà‡∏≠‡∏¥‡∏ô‡∏•‡∏µ‡πà ‡∏£‡∏∏‡πà‡∏ô‡∏û‡∏µ‡πà EBA CU¬†...,['‡∏à‡∏∏‡∏¨‡∏≤'],https://twitter.com/EToeic/status/1799274496366637520,https://twitter.com ‚Ä∫ EToeic ‚Ä∫ status,
36,The Planner Education,‡∏ó‡∏≥‡∏Ñ‡∏ß‡∏≤‡∏°‡∏£‡∏π‡πâ‡∏à‡∏±‡∏Å‡∏à‡∏¥‡∏ï‡∏ß‡∏¥‡∏ó‡∏¢‡∏≤ ‡∏≠‡∏¥‡∏ô‡πÄ‡∏ï‡∏≠‡∏£‡πå ‡∏´‡∏•‡∏±‡∏Å‡∏™‡∏π‡∏ï‡∏£‡πÄ‡∏î‡∏µ‡∏¢‡∏ß‡πÉ‡∏ô‡πÑ‡∏ó‡∏¢‡∏≠‡∏¢‡πà‡∏≤‡∏á #JIPP ‡∏Ç‡∏≠‡∏á #‡∏à‡∏∏‡∏¨‡∏≤ ‡πÑ‡∏î‡πâ‡πÉ‡∏ô‡∏ó‡∏ß‡∏¥‡∏ï‡∏ô‡∏µ‡πâ‡πÄ‡∏•‡∏¢‡∏Ñ‡πà‡∏∞ ‡∏™‡∏°‡∏±‡∏Ñ‡∏£ #‡∏ï‡∏¥‡∏ßIELTS http://bit.ly/3AVZOt6 #GED¬†...,['‡∏à‡∏∏‡∏¨‡∏≤'],https://twitter.com/theplannertutor/status/1684556747732553729,https://twitter.com ‚Ä∫ theplannertutor ‚Ä∫ status,
37,Topic Academy,#TCAS #‡∏£‡∏≠‡∏ö1 #‡∏à‡∏∏‡∏¨‡∏≤ #dek66 ‡∏õ‡∏£‡∏∞‡∏Å‡∏≤‡∏®‡πÅ‡∏•‡πâ‡∏ß ‡∏°‡∏≤‡πÄ‡∏ï‡∏£‡∏µ‡∏¢‡∏°‡∏ï‡∏±‡∏ß‡∏™‡∏≠‡∏ö‡πÄ‡∏Ç‡πâ‡∏≤ #‡∏ö‡∏±‡∏ç‡∏ä‡∏µ‡∏à‡∏∏‡∏¨‡∏≤ #‡∏ö‡∏£‡∏¥‡∏´‡∏≤‡∏£‡∏à‡∏∏‡∏¨‡∏≤ 66 ‡∏Å‡∏±‡∏ô‡∏î‡∏µ‡∏Å‡∏ß‡πà‡∏≤ 1Ô∏è‚É£ SAT ENG (SAT EBRW) ‡∏ó‡∏î‡∏•‡∏≠‡∏á‡πÄ‡∏£‡∏µ‡∏¢‡∏ô http://topiconline.net/courses/sateng 2Ô∏è‚É£ SAT¬†...,['‡∏à‡∏∏‡∏¨‡∏≤'],https://mobile.twitter.com/Topic2u/status/1572823358349381632,https://mobile.twitter.com ‚Ä∫ status,"{'inline': [{'title': 'Translate this page', 'link': 'https://translate.google.com/translate?hl=en&sl=th&u=https://mobile.twitter.com/Topic2u/status/1572823358349381632&prev=search&pto=aue'}]}"
38,Sale Here - ‡∏≠‡∏∞‡πÑ‡∏£‡∏•‡∏î‡πÄ‡∏£‡∏≤‡∏£‡∏π‡πâ,#‡∏Ñ‡∏ì‡∏∞‡∏≠‡∏±‡∏Å‡∏©‡∏£‡∏®‡∏≤‡∏™‡∏ï‡∏£‡πå #‡∏à‡∏∏‡∏¨‡∏≤ ‡πÄ‡∏õ‡∏¥‡∏î‡∏Ñ‡∏≠‡∏£‡πå‡∏™‡∏™‡∏≠‡∏ô 14 ‡∏†‡∏≤‡∏©‡∏≤ ‡∏ä‡πà‡∏ß‡∏á‡∏Å‡∏•‡∏≤‡∏á‡∏õ‡∏µ ‡∏ö‡∏≠‡∏Å‡πÄ‡∏•‡∏¢‡∏ß‡πà‡∏≤‡∏°‡∏µ‡πÅ‡∏ï‡πà‡∏†‡∏≤‡∏©‡∏≤‡πÅ‡∏ô‡πà‡∏ô‡πÜ ‡∏ô‡πà‡∏≤‡πÄ‡∏£‡∏µ‡∏¢‡∏ô‡πÄ‡∏ï‡πá‡∏°‡πÑ‡∏õ‡∏´‡∏°‡∏î ‡πÄ‡∏õ‡∏¥‡∏î‡∏™‡∏≠‡∏ô‡∏ó‡∏±‡πâ‡∏á‡πÅ‡∏ö‡∏ö‡∏≠‡∏≠‡∏ô‡πÑ‡∏•‡∏ô‡πå ‡πÅ‡∏•‡∏∞ ‡∏ó‡∏µ‡πà‡∏Ñ‡∏ì‡∏∞‡∏≠‡∏±‡∏Å‡∏©‡∏£‡πÄ‡∏•‡∏¢¬†...,['‡∏à‡∏∏‡∏¨‡∏≤'],https://twitter.com/salehere1/status/1653044140131663872,https://twitter.com ‚Ä∫ salehere1 ‚Ä∫ status,
39,CU NEX,"... '‡πÄ‡∏û‡∏¥‡πà‡∏°‡πÄ‡∏ï‡∏¥‡∏°' (More) ‡πÅ‡∏•‡πâ‡∏ß‡∏Å‡∏î '‡∏™‡∏¥‡∏ó‡∏ò‡∏¥‡∏û‡∏¥‡πÄ‡∏®‡∏©' (Privileges) ‡∏à‡∏≤‡∏Å‡∏ô‡∏±‡πâ‡∏ô‡πÄ‡∏•‡∏∑‡∏≠‡∏Å '‡∏™‡∏¥‡∏ó‡∏ò‡∏¥‡∏û‡∏¥‡πÄ‡∏®‡∏©‡∏™‡∏≥‡∏´‡∏£‡∏±‡∏ö‡∏ô‡∏¥‡∏™‡∏¥‡∏ï' (CU Rewards) #‡πÇ‡∏õ‡∏£‡∏î‡∏µ‡∏ö‡∏≠‡∏Å‡∏ï‡πà‡∏≠ #‡∏à‡∏∏‡∏¨‡∏≤. Image. 8:00 AM ¬∑ Jul 22, 2020 ¬∑ 5. Reposts.",['‡∏à‡∏∏‡∏¨‡∏≤'],https://twitter.com/cu_nex/status/1285847275558727680,https://twitter.com ‚Ä∫ cu_nex ‚Ä∫ status,
40,‡∏ß‡∏∏‡πâ‡∏ô‡πÅ‡∏õ‡∏•‡∏†‡∏≤‡∏©‡∏≤,"Conversation. ‡∏ß‡∏∏‡πâ‡∏ô‡πÅ‡∏õ‡∏•‡∏†‡∏≤‡∏©‡∏≤ ¬∑ @woonplaepasa ¬∑ #‡∏à‡∏∏‡∏¨‡∏≤ #‡∏ß‡∏∏‡πâ‡∏ô‡πÅ‡∏õ‡∏•‡∏†‡∏≤‡∏©‡∏≤‡πÄ‡∏î‡∏≠‡∏∞‡∏ã‡∏µ‡∏£‡∏µ‡∏™‡πå. Image. 2:51 PM ¬∑ Jun 29, 2020 ¬∑ 50. Reposts ¬∑ 26. Quotes ¬∑ 22. Likes. 4. Bookmarks. 4.",['‡∏à‡∏∏‡∏¨‡∏≤'],https://twitter.com/woonplaepasa/status/1277615695568633856,https://twitter.com ‚Ä∫ woonplaepasa ‚Ä∫ status,
41,CU NEX,"... ‡πÄ‡∏û‡∏∑‡πà‡∏≠‡∏ô ‡πÜ ‡∏ó‡∏µ‡πà‡πÄ‡∏•‡∏∑‡∏≠‡∏Å‡∏£‡∏π‡∏õ‡πÅ‡∏ö‡∏ö‡∏Å‡∏≤‡∏£‡∏ä‡∏≥‡∏£‡∏∞‡πÅ‡∏ö‡∏ö‡∏´‡∏±‡∏Å‡∏ö‡∏±‡∏ç‡∏ä‡∏µ‡∏≠‡∏±‡∏ï‡πÇ‡∏ô‡∏°‡∏±‡∏ï‡∏¥‡∏≠‡∏¢‡πà‡∏≤‡∏•‡∏∑‡∏°‡∏ô‡∏≥‡πÄ‡∏á‡∏¥‡∏ô‡πÄ‡∏Ç‡πâ‡∏≤‡∏ö‡∏±‡∏ç‡∏ä‡∏µ‡∏†‡∏≤‡∏¢‡πÉ‡∏ô‡∏£‡∏∞‡∏¢‡∏∞‡πÄ‡∏ß‡∏•‡∏≤‡∏ó‡∏µ‡πà‡∏Å‡∏≥‡∏´‡∏ô‡∏î‡∏ô‡∏µ‡πâ‡∏ô‡∏∞ #‡∏à‡∏∏‡∏¨‡∏≤. Translate post. Image. 11:45 AM ¬∑ Jan 16, 2021 ¬∑ 3. Reposts.",['‡∏à‡∏∏‡∏¨‡∏≤'],https://twitter.com/cu_nex/status/1350408727975784454,https://twitter.com ‚Ä∫ cu_nex ‚Ä∫ status,
42,TAIC Chulalongkorn,"... ‡∏ä‡∏±‡πâ‡∏ô 6 ‡∏™‡∏≥‡∏ô‡∏±‡∏Å‡∏á‡∏≤‡∏ô‡∏ß‡∏¥‡∏ó‡∏¢‡∏ó‡∏£‡∏±‡∏û‡∏¢‡∏≤‡∏Å‡∏£ ‡∏à‡∏∏‡∏¨‡∏≤‡∏•‡∏á‡∏Å‡∏£‡∏ì‡πå‡∏°‡∏´‡∏≤‡∏ß‡∏¥‡∏ó‡∏¢‡∏≤‡∏•‡∏±‡∏¢ #Chula #TAICChula #‡∏´‡∏≠‡∏™‡∏°‡∏∏‡∏î‡∏Å‡∏•‡∏≤‡∏á‡∏à‡∏∏‡∏¨‡∏≤ #‡∏à‡∏∏‡∏¨‡∏≤ #‡∏´‡∏ô‡∏±‡∏á‡∏™‡∏∑‡∏≠‡πÅ‡∏ô‡∏∞‡∏ô‡∏≥ ‡πâ‡πâ. Image. 10:26 AM ¬∑ Nov 15, 2019 ¬∑ 1. Repost ¬∑ 1.",['‡∏à‡∏∏‡∏¨‡∏≤'],https://twitter.com/ticchula/status/1195286840124665857,https://twitter.com ‚Ä∫ ticchula ‚Ä∫ status,
43,"TCASter on X: ""‡πÄ‡∏õ‡πâ‡∏≤‡∏≠‡∏±‡∏Å‡∏©‡∏£ ‡∏à‡∏∏‡∏¨‡∏≤‡∏Ø ‡∏™‡∏≠‡∏ö PAT7.6 . ...","... ‡∏õ‡∏µ 62 ‡∏£‡∏±‡∏ö 195 ‡∏ï‡πà‡∏≥‡∏™‡∏∏‡∏î 21,131.25 *‡∏à‡∏ô.‡∏£‡∏±‡∏ö = ‡∏£‡∏±‡∏ö‡∏£‡∏ß‡∏°‡∏ß‡∏¥‡∏ä‡∏≤‡∏ó‡∏µ‡πà‡πÄ‡∏•‡∏∑‡∏≠‡∏Å‡∏™‡∏≠‡∏ö‡∏†‡∏≤‡∏©‡∏≤ . #dek65 #TCAS65 #‡∏à‡∏∏‡∏¨‡∏≤ ¬∑ 8:49 AM ¬∑ Feb 11, 2022 ¬∑ 30. Reposts ¬∑ 29. Likes. 6. Bookmarks.",['‡∏à‡∏∏‡∏¨‡∏≤'],https://twitter.com/TCASterApp/status/1492058179743612928,https://twitter.com ‚Ä∫ TCASterApp ‚Ä∫ status,
44,CU NEX,"... , dtac, Azabusabo ‡πÇ‡∏õ‡∏£‡∏Ø ‡∏™‡∏∏‡∏î‡∏û‡∏¥‡πÄ‡∏®‡∏©‡∏ó‡∏±‡πâ‡∏á‡∏´‡∏°‡∏î‡∏ô‡∏µ‡πâ ‡∏Å‡∏î‡∏£‡∏±‡∏ö‡∏™‡∏¥‡∏ó‡∏ò‡∏¥‡πå‡πÑ‡∏î‡πâ‡∏ó‡∏µ‡πà‡πÅ‡∏≠‡∏õ‡∏û‡∏•‡∏¥‡πÄ‡∏Ñ‡∏ä‡∏±‡∏ô CU NEX '‡∏™‡∏¥‡∏ó‡∏ò‡∏¥‡∏û‡∏¥‡πÄ‡∏®‡∏©‡∏™‡∏≥‡∏´‡∏£‡∏±‡∏ö‡∏ô‡∏¥‡∏™‡∏¥‡∏ï (CU Rewards)' #‡∏à‡∏∏‡∏¨‡∏≤ #‡∏°‡∏¥‡∏î‡πÄ‡∏ó‡∏≠‡∏°. Image. 3:00 AM ¬∑ Mar 6, 2021.",['‡∏à‡∏∏‡∏¨‡∏≤'],https://twitter.com/cu_nex/status/1368033617486647297,https://twitter.com ‚Ä∫ cu_nex ‚Ä∫ status,
45,‚Äç‚ôÄÔ∏è ‡πÑ‡∏´‡∏ô‡πÉ‡∏Ñ‡∏£‡∏≠‡∏¢‡∏≤‡∏Å‡πÄ‡∏Ç‡πâ‡∏≤ #‡∏à‡∏∏‡∏¨‡∏≤ ‡∏†‡∏≤‡∏Ñ‡∏≠‡∏¥‡∏ô‡πÄ‡∏ï‡∏≠‡∏£‡πå ‡∏¢‡∏Å‡∏°‡∏∑‡∏≠‡∏Ç‡∏∂‡πâ‡∏ô‡∏™‡∏π‡∏á‡πÜ ü§î ‡πÅ‡∏ï‡πà‡∏¢‡∏±‡∏á ...,... ‚Äç‚ôÄÔ∏è ‡πÑ‡∏´‡∏ô‡πÉ‡∏Ñ‡∏£‡∏≠‡∏¢‡∏≤‡∏Å‡πÄ‡∏Ç‡πâ‡∏≤ #‡∏à‡∏∏‡∏¨‡∏≤ ‡∏†‡∏≤‡∏Ñ‡∏≠‡∏¥‡∏ô‡πÄ‡∏ï‡∏≠‡∏£‡πå ‡∏¢‡∏Å‡∏°‡∏∑‡∏≠‡∏Ç‡∏∂‡πâ‡∏ô‡∏™‡∏π‡∏á‡πÜ ‡πÅ‡∏ï‡πà‡∏¢‡∏±‡∏á‡πÑ‡∏°‡πà‡∏£‡∏π‡πâ‡∏à‡∏∞‡∏ï‡πâ‡∏≠‡∏á‡πÄ‡∏ï‡∏£‡∏µ‡∏¢‡∏°‡∏ï‡∏±‡∏ß‡∏≠‡∏¢‡πà‡∏≤‡∏á‡πÑ‡∏£ ‡πÅ‡∏•‡∏∞‡πÉ‡∏ä‡πâ‡∏Ñ‡∏∞‡πÅ‡∏ô‡∏ô‡∏≠‡∏∞‡πÑ‡∏£‡∏¢‡∏∑‡πà‡∏ô‡∏ö‡πâ‡∏≤‡∏á ‡∏£‡∏µ‡∏ö‡∏•‡∏á‡∏ó‡∏∞‡πÄ‡∏ö‡∏µ‡∏¢‡∏ô‡∏Å‡∏±‡∏ô‡πÑ‡∏î‡πâ‡πÄ‡∏•‡∏¢‡∏ô‡πâ‡∏≤~ ‚ùå ‡πÉ‡∏Å‡∏•‡πâ‡∏ñ‡∏∂‡∏á‡∏ß‡∏±‡∏ô‡∏á‡∏≤‡∏ô‡πÅ‡∏•‡πâ‡∏ß¬†...,['‡∏à‡∏∏‡∏¨‡∏≤'],https://twitter.com/aims_school/status/1499680774987354115,https://twitter.com ‚Ä∫ aims_school ‚Ä∫ status,
46,The Planner Education,‡∏ß‡∏¥‡∏®‡∏ß‡∏∞‡∏≠‡∏¥‡∏ô‡πÄ‡∏ï‡∏≠‡∏£‡πå‡∏ô‡πâ‡∏≠‡∏á‡πÉ‡∏´‡∏°‡πà‡πÄ‡∏≠‡∏µ‡πà‡∏¢‡∏°‡∏à‡∏≤‡∏Å‡∏à‡∏∏‡∏¨‡∏≤‡∏Ø ‡πÄ‡∏õ‡∏¥‡∏î‡∏£‡∏≠‡πÅ‡∏•‡πâ‡∏ß‡∏ô‡∏∞ ‡πÄ‡∏ä‡πá‡∏Ñ‡∏Ñ‡∏∞‡πÅ‡∏ô‡∏ô‡∏î‡πà‡∏ß‡∏ô‡πÄ‡∏•‡∏¢‚ùóÔ∏è‚ùóÔ∏è‚ùóÔ∏è #theplanner_sharing #chula #‡∏à‡∏∏‡∏¨‡∏≤ #‡∏ß‡∏¥‡∏®‡∏ß‡∏Å‡∏£‡∏£‡∏°‡∏®‡∏≤‡∏™‡∏ï‡∏£‡πå #‡∏ß‡∏¥‡∏®‡∏ß‡∏∞ #ChPE #dek66 #TCAS #tcas65¬†...,['‡∏à‡∏∏‡∏¨‡∏≤'],https://twitter.com/theplannertutor/status/1429669731116650499,https://twitter.com ‚Ä∫ theplannertutor ‚Ä∫ status,
47,SPORTS SCIENCE CU (@spsc_cu) ...,CU SPORTS SCIENCE #dek64 #spsc24 #‡∏ß‡∏¥‡∏ó‡∏¢‡πå‡∏Å‡∏µ‡∏¨‡∏≤‡∏à‡∏∏‡∏¨‡∏≤ #‡∏à‡∏∏‡∏¨‡∏≤ #chula. ‡∏Ñ‡∏ì‡∏∞‡∏ß‡∏¥‡∏ó‡∏¢‡∏≤‡∏®‡∏≤‡∏™‡∏ï‡∏£‡πå‡∏Å‡∏≤‡∏£‡∏Å‡∏µ‡∏¨‡∏≤ spsc¬†...,['‡∏à‡∏∏‡∏¨‡∏≤'],https://twitter.com/spsc_cu,https://twitter.com ‚Ä∫ spsc_cu,
48,‡∏ó‡∏∏‡∏ô‡∏ï‡πà‡∏≠‡∏ô‡∏≠‡∏Å & ‡∏ö‡∏≠‡∏Å‡∏ï‡πà‡∏≠‡∏Ñ‡∏≠‡∏£‡πå‡∏™ by Dek-D,‡∏ß‡∏±‡∏ô‡∏ô‡∏µ‡πâ‡∏Ç‡∏≠‡∏°‡∏≤‡πÅ‡∏ä‡∏£‡πå #‡∏Ñ‡∏≠‡∏£‡πå‡∏™‡∏≠‡∏≠‡∏ô‡πÑ‡∏•‡∏ô‡πå‡πÄ‡∏£‡∏µ‡∏¢‡∏ô‡∏ü‡∏£‡∏µ ‡∏™‡πà‡∏á‡∏ï‡∏£‡∏á‡∏à‡∏≤‡∏Å #‡∏à‡∏∏‡∏¨‡∏≤ ‡∏†‡∏≤‡∏¢‡πÉ‡∏ï‡πâ‡∏´‡∏•‡∏±‡∏Å‡∏™‡∏π‡∏ï‡∏£ ‚Äú‡∏Å‡∏≤‡∏£‡πÄ‡∏£‡∏µ‡∏¢‡∏ô‡∏£‡∏π‡πâ‡∏™‡∏≥‡∏´‡∏£‡∏±‡∏ö‡∏ú‡∏π‡πâ‡∏ö‡∏£‡∏¥‡∏´‡∏≤‡∏£‡∏´‡∏ô‡πâ‡∏≤‡πÉ‡∏´‡∏°‡πà ‡∏ó‡∏µ‡πà‡∏à‡∏∞‡∏ä‡πà‡∏ß‡∏¢‡πÉ‡∏´‡πâ‡∏Å‡πâ‡∏≤‡∏ß‡∏™‡∏π‡πà‡∏Å‡∏≤‡∏£‡πÄ‡∏õ‡πá‡∏ô‡∏ú‡∏π‡πâ‡∏ö‡∏£‡∏¥‡∏´‡∏≤‡∏£‡πÅ‡∏ñ‡∏ß‡∏´‡∏ô‡πâ‡∏≤‚Äù (Management for New¬†...,['‡∏à‡∏∏‡∏¨‡∏≤'],https://twitter.com/tornokandcourse/status/1688157977520320512,https://twitter.com ‚Ä∫ tornokandcourse ‚Ä∫ status,
49,CU NEX,"... Bell   ‡∏≠‡∏¢‡πà‡∏≤‡∏£‡∏≠‡∏ä‡πâ‡∏≤! ‡∏Å‡∏î‡∏£‡∏±‡∏ö‡∏™‡∏¥‡∏ó‡∏ò‡∏¥‡∏û‡∏¥‡πÄ‡∏®‡∏©‡∏Å‡πà‡∏≠‡∏ô‡πÉ‡∏Ñ‡∏£‡πÑ‡∏î‡πâ‡∏ó‡∏µ‡πà   '‡∏™‡∏¥‡∏ó‡∏ò‡∏¥‡∏û‡∏¥‡πÄ‡∏®‡∏©‡∏™‡∏≥‡∏´‡∏£‡∏±‡∏ö‡∏ô‡∏¥‡∏™‡∏¥‡∏ï/‡∏ö‡∏∏‡∏Ñ‡∏•‡∏≤‡∏Å‡∏£ (CU Rewards)' #‡∏à‡∏∏‡∏¨‡∏≤ #‡πÇ‡∏õ‡∏£‡∏î‡∏µ‡∏ö‡∏≠‡∏Å‡∏ï‡πà‡∏≠. Image. 11:20 AM ¬∑ Jan 18, 2021.",['‡∏à‡∏∏‡∏¨‡∏≤'],https://twitter.com/cu_nex/status/1351127208996327434,https://twitter.com ‚Ä∫ cu_nex ‚Ä∫ status,
50,Topic Academy,#dek68 #dek69 ‡∏™‡∏≠‡∏ö‡∏ï‡∏¥‡∏î #‡∏à‡∏∏‡∏¨‡∏≤ ‡∏á‡πà‡∏≤‡∏¢ ‡∏Å‡πà‡∏≠‡∏ô‡πÉ‡∏Ñ‡∏£ ‡∏ï‡∏±‡πâ‡∏á‡πÅ‡∏ï‡πà #TCAS #‡∏£‡∏≠‡∏ö1 ‡∏î‡πâ‡∏ß‡∏¢ #cutep #ielts CU-TEP ‡∏™‡∏≠‡∏ö‡πÑ‡∏î‡πâ‡∏ó‡∏∏‡∏Å‡πÄ‡∏î‡∏∑‡∏≠‡∏ô IELTS ‡∏™‡∏≠‡∏ö‡πÑ‡∏î‡πâ‡∏ó‡∏∏‡∏Å‡∏ß‡∏±‡∏ô ‡∏Ñ‡∏∞‡πÅ‡∏ô‡∏ô‡πÑ‡∏õ‡∏¢‡∏∑‡πà‡∏ô‡∏¢‡∏Å‡πÄ‡∏ß‡πâ‡∏ô‡πÄ‡∏£‡∏µ‡∏¢‡∏ô‡∏≠‡∏±‡∏á‡∏Å‡∏§‡∏©‡πÉ‡∏ô‡∏à‡∏∏‡∏¨‡∏≤¬†...,['‡∏à‡∏∏‡∏¨‡∏≤'],https://twitter.com/Topic2u/status/1780875213112308164,https://twitter.com ‚Ä∫ status,
51,CU NEX,"... ‡πÜ ‡∏ó‡∏µ‡πà‡∏´‡∏≠‡∏Å‡∏•‡∏≤‡∏á ‡∏´‡∏£‡∏∑‡∏≠ PLARN SPACE ‡∏Å‡πá‡∏™‡∏≤‡∏°‡∏≤‡∏£‡∏ñ‡∏ó‡∏≥‡πÑ‡∏î‡πâ‡∏≠‡∏¢‡πà‡∏≤‡∏á‡∏á‡πà‡∏≤‡∏¢‡∏î‡∏≤‡∏¢‡∏ú‡πà‡∏≤‡∏ô‡∏ü‡∏µ‡πÄ‡∏à‡∏≠‡∏£‡πå‡∏à‡∏≠‡∏á‡∏™‡πà‡∏ß‡∏ô‡∏Å‡∏•‡∏≤‡∏á (RESERVATION) ‡πÉ‡∏ô‡πÅ‡∏≠‡∏õ‡∏Ø CU NEX #‡πÑ‡∏ü‡∏ô‡∏≠‡∏• #‡∏à‡∏∏‡∏¨‡∏≤. Image. 2:39 PM ¬∑ Nov 25, 2020. 2. Bookmarks.",['‡∏à‡∏∏‡∏¨‡∏≤'],https://twitter.com/cu_nex/status/1331608487936151553,https://twitter.com ‚Ä∫ cu_nex ‚Ä∫ status,
52,‡∏≠‡∏±‡∏û‡πÄ‡∏î‡∏ï‡∏Ñ‡πà‡∏≤‡πÄ‡∏ó‡∏≠‡∏° ‡∏à‡∏∏‡∏¨‡∏≤‡∏Ø‡∏à‡πâ‡∏≤ ‡∏¢‡∏∏‡∏Ñ‡∏Ñ‡∏£‡∏π‡πÑ‡∏ú‡πà‡πÄ‡∏£‡∏µ‡∏¢‡∏ô ‡∏Ñ‡∏ì‡∏∞‡∏≠‡∏±‡∏Å‡∏©‡∏£‡∏®‡∏≤‡∏™‡∏ï‡∏£‡πå‡πÄ‡∏£‡∏¥‡πà‡∏°‡∏ï‡πâ‡∏ô ...,"‡∏≠‡∏±‡∏û‡πÄ‡∏î‡∏ï‡∏Ñ‡πà‡∏≤‡πÄ‡∏ó‡∏≠‡∏° ‡∏à‡∏∏‡∏¨‡∏≤‡∏Ø‡∏à‡πâ‡∏≤ ‡∏¢‡∏∏‡∏Ñ‡∏Ñ‡∏£‡∏π‡πÑ‡∏ú‡πà‡πÄ‡∏£‡∏µ‡∏¢‡∏ô ‡∏Ñ‡∏ì‡∏∞‡∏≠‡∏±‡∏Å‡∏©‡∏£‡∏®‡∏≤‡∏™‡∏ï‡∏£‡πå‡πÄ‡∏£‡∏¥‡πà‡∏°‡∏ï‡πâ‡∏ô‡∏ó‡∏µ‡πà 12,000 ‡∏ï‡∏≠‡∏ô‡∏ô‡∏µ‡πâ‡∏ï‡∏±‡∏ß‡πÄ‡∏•‡∏Ç‡∏à‡∏∞‡∏Å‡∏•‡∏±‡∏ö‡∏Å‡∏±‡∏ô‡πÄ‡∏õ‡πá‡∏ô 21,000 ‡πÅ‡∏•‡πâ‡∏ß‡∏à‡πâ‡∏≤ #‡∏Ñ‡πà‡∏≤‡πÄ‡∏ó‡∏≠‡∏° #‡∏à‡∏∏‡∏¨‡∏≤ #TCAS63. Translate post.",['‡∏à‡∏∏‡∏¨‡∏≤'],https://twitter.com/spanishkrupai/status/1209114845162852353,https://twitter.com ‚Ä∫ spanishkrupai ‚Ä∫ status,
53,"Matichon TV on X: ""‡πÄ‡∏õ‡∏¥‡∏î‡πÉ‡∏à ""‡∏ö‡∏±‡∏ì‡∏ë‡∏¥‡∏ï‡∏™‡∏≤‡∏ß"" ‡∏à‡∏≤‡∏Å #‡∏≠‡∏±‡∏Å‡∏©‡∏£‡∏®‡∏≤‡∏™‡∏ï‡∏£‡πå #‡∏à‡∏∏‡∏¨‡∏≤ ‡∏ú‡∏π‡πâ ...","‡πÄ‡∏õ‡∏¥‡∏î‡πÉ‡∏à ""‡∏ö‡∏±‡∏ì‡∏ë‡∏¥‡∏ï‡∏™‡∏≤‡∏ß"" ‡∏à‡∏≤‡∏Å #‡∏≠‡∏±‡∏Å‡∏©‡∏£‡∏®‡∏≤‡∏™‡∏ï‡∏£‡πå #‡∏à‡∏∏‡∏¨‡∏≤ ‡∏ú‡∏π‡πâ‡πÄ‡∏•‡∏∑‡∏≠‡∏Å‡∏õ‡∏£‡∏∞‡∏Å‡∏≠‡∏ö‡∏≠‡∏≤‡∏ä‡∏µ‡∏û #‡∏Ñ‡∏ô‡∏Ç‡∏±‡∏ö‡πÅ‡∏ó‡πá‡∏Å‡∏ã‡∏µ‡πà.",,https://twitter.com/MatichonTV/status/1164857911459209217,https://twitter.com ‚Ä∫ MatichonTV ‚Ä∫ status,
54,Brandinside,(‡∏ï‡πà‡∏≠) ‡∏Ñ‡∏≠‡∏£‡πå‡∏™‡∏ü‡∏£‡∏µ #‡∏à‡∏∏‡∏¨‡∏≤ ‡∏†‡∏≤‡∏Ñ 2 ‡∏ß‡∏¥‡∏ä‡∏≤ 4 = ‡∏ô‡∏≥‡πÄ‡∏™‡∏ô‡∏≠‡∏á‡∏≤‡∏ô‡∏≠‡∏¢‡πà‡∏≤‡∏á‡∏°‡∏∑‡∏≠‡∏≠‡∏≤‡∏ä‡∏µ‡∏û‡∏î‡πâ‡∏ß‡∏¢ Powerpoint ‡∏ß‡∏¥‡∏ä‡∏≤ 5 = ‡∏Å‡∏≤‡∏£‡∏ö‡∏£‡∏¥‡∏Å‡∏≤‡∏£‡∏ï‡πâ‡∏ô‡∏ó‡∏∏‡∏ô‡∏ê‡∏≤‡∏ô‡∏Å‡∏¥‡∏à‡∏Å‡∏£‡∏£‡∏° ‡∏ß‡∏¥‡∏ä‡∏≤ 6 = ‡∏Å‡∏≤‡∏£‡∏ï‡∏•‡∏≤‡∏î‡∏ö‡∏£‡∏¥‡∏Å‡∏≤‡∏£ ‡∏£‡∏≠‡∏ö‡∏ô‡∏µ‡πâ‡∏£‡∏±‡∏ö‡πÄ‡∏¢‡∏≠‡∏∞‡∏Ç‡∏∂‡πâ‡∏ô ‡∏à‡∏≤‡∏Å‡πÄ‡∏î‡∏¥‡∏°‡∏ß‡∏¥‡∏ä‡∏≤‡∏•‡∏∞ 500 ‡∏Ñ‡∏ô‡πÄ‡∏õ‡πá‡∏ô‡∏ß‡∏¥‡∏ä‡∏≤‡∏•‡∏∞¬†...,['‡∏à‡∏∏‡∏¨‡∏≤'],https://mobile.twitter.com/brandinsideasia/status/999189124585144320?lang=eu,https://mobile.twitter.com ‚Ä∫ status,"{'inline': [{'title': 'Translate this page', 'link': 'https://translate.google.com/translate?hl=en&sl=th&u=https://mobile.twitter.com/brandinsideasia/status/999189124585144320%3Flang%3Deu&prev=search&pto=aue'}]}"
55,CAMPHUB.in.th,"""Young Leader Scientist Camp "" #‡∏Ñ‡πà‡∏≤‡∏¢‡∏ß‡∏¥‡∏ó‡∏¢‡πå #‡∏à‡∏∏‡∏¨‡∏≤ ‡∏Ñ‡πà‡∏≤‡∏¢‡∏™‡∏≥‡∏´‡∏£‡∏±‡∏ö‡∏ô‡πâ‡∏≠‡∏á‡∏°.‡∏õ‡∏•‡∏≤‡∏¢‡∏™‡∏≤‡∏¢‡∏ß‡∏¥‡∏ó‡∏¢‡πå‡∏ó‡∏µ‡πà‡∏™‡∏ô‡πÉ‡∏à‡∏Ñ‡∏ì‡∏∞‡∏ß‡∏¥‡∏ó‡∏¢‡∏≤‡∏®‡∏≤‡∏™‡∏ï‡∏£‡πå ‡∏Ñ‡πà‡∏≤‡∏¢‡∏ô‡∏µ‡πâ‡∏à‡∏∞‡∏û‡∏≤‡∏ô‡πâ‡∏≠‡∏á‡πÜ ‡πÑ‡∏õ‡∏£‡∏π‡πâ‡∏à‡∏±‡∏Å‡∏ó‡∏∏‡∏Å‡πÅ‡∏á‡πà‡∏°‡∏∏‡∏°‡∏Ç‡∏≠‡∏á‡∏Ñ‡∏ì‡∏∞ ‡∏ï‡∏±‡πâ‡∏á‡πÅ‡∏ï‡πà‡∏Å‡∏≤‡∏£‡πÄ‡∏£‡∏µ‡∏¢‡∏ô¬†...",['‡∏à‡∏∏‡∏¨‡∏≤'],https://twitter.com/CAMPHUB/status/1111232466189275139,https://twitter.com ‚Ä∫ CAMPHUB ‚Ä∫ status,
56,CAMPHUB.in.th,"""‡∏Ñ‡πà‡∏≤‡∏¢‡∏•‡∏≤‡∏ô‡πÄ‡∏Å‡∏µ‡∏¢‡∏£‡πå 19"" #‡∏Ñ‡πà‡∏≤‡∏¢‡∏ß‡∏¥‡∏®‡∏ß‡∏∞ #‡∏à‡∏∏‡∏¨‡∏≤ ‡∏ô‡πâ‡∏≠‡∏á‡∏°.‡∏õ‡∏•‡∏≤‡∏¢‡∏ó‡∏µ‡πà‡∏≠‡∏¢‡∏≤‡∏Å‡πÄ‡∏Ç‡πâ‡∏≤‡∏ß‡∏¥‡∏®‡∏ß‡∏∞ ‡∏´‡πâ‡∏≤‡∏°‡∏û‡∏•‡∏≤‡∏î‡∏Ñ‡πà‡∏≤‡∏¢‡∏ô‡∏µ‡πâ ‡∏û‡∏µ‡πà‡πÜ ‡∏ß‡∏¥‡∏®‡∏ß‡∏∞‡∏à‡∏∏‡∏¨‡∏≤‡∏Ø ‡∏à‡∏∞‡∏û‡∏≤‡∏ô‡πâ‡∏≠‡∏á‡πÜ ‡πÑ‡∏õ‡∏´‡∏≤‡∏Ñ‡∏≥‡∏ï‡∏≠‡∏ö‡∏ß‡πà‡∏≤‡∏ß‡∏¥‡∏®‡∏ß‡∏∞‡πÅ‡∏ï‡πà‡∏•‡∏∞‡∏†‡∏≤‡∏Ñ‡πÄ‡∏£‡∏µ‡∏¢‡∏ô‡∏≠‡∏∞‡πÑ‡∏£‡∏ú‡πà‡∏≤‡∏ô‡∏Å‡∏≤‡∏£‡∏ó‡∏≥‡∏Å‡∏¥‡∏à‡∏Å‡∏£‡∏£‡∏°‡πÉ‡∏ô‡∏Ñ‡πà‡∏≤‡∏¢¬†...",,https://twitter.com/CAMPHUB/status/1179376704562876418,https://twitter.com ‚Ä∫ CAMPHUB ‚Ä∫ status,
57,AT HOME,#‡∏à‡∏∏‡∏¨‡∏≤ ‡πÄ‡∏õ‡∏¥‡∏î‡∏´‡∏•‡∏±‡∏Å‡∏™‡∏π‡∏ï‡∏£ #‡πÄ‡∏ó‡∏Ñ‡πÇ‡∏ô‡πÇ‡∏•‡∏¢‡∏µ‡∏ä‡∏µ‡∏ß‡∏†‡∏≤‡∏û #‡∏ô‡∏≤‡∏ô‡∏≤‡∏ä‡∏≤‡∏ï‡∏¥ ‡πÄ‡∏£‡∏¥‡πà‡∏°‡∏õ‡∏µ‡∏Å‡∏≤‡∏£‡∏®‡∏∂‡∏Å‡∏©‡∏≤ 2563 ‡πÄ‡∏û‡∏¥‡πà‡∏°‡πÄ‡∏ï‡∏¥‡∏° http://bbtech.sc.chula.ac.th #athometh #‡πÄ‡∏£‡∏µ‡∏¢‡∏ô‡∏≠‡∏≠‡∏ô‡πÑ‡∏•‡∏ô‡πå‡πÉ‡∏ä‡πâathome #TCAS #ONET #GAT¬†...,['‡∏à‡∏∏‡∏¨‡∏≤'],https://twitter.com/athome_online/status/1197023072345149440,https://twitter.com ‚Ä∫ athome_online ‚Ä∫ status,
58,AT HOME,#‡∏ß‡∏¥‡∏®‡∏ß‡∏∞ #‡∏à‡∏∏‡∏¨‡∏≤ ‡πÄ‡∏õ‡∏¥‡∏î‡∏Ñ‡πà‡∏≤‡∏¢ #‡∏•‡∏≤‡∏ô‡πÄ‡∏Å‡∏µ‡∏¢‡∏£‡πå ‡∏ä‡∏ß‡∏ô‡∏ô‡πâ‡∏≠‡∏á‡πÜ‡∏ó‡∏µ‡πà‡∏≠‡∏¢‡∏≤‡∏Å‡πÄ‡∏£‡∏µ‡∏¢‡∏ô‡∏ï‡πà‡∏≠‡∏™‡∏≤‡∏¢ #‡∏ß‡∏¥‡∏®‡∏ß‡∏Å‡∏£‡∏£‡∏°‡∏®‡∏≤‡∏™‡∏ï‡∏£‡πå ‡∏°‡∏≤‡πÄ‡∏£‡∏µ‡∏¢‡∏ô‡∏£‡∏π‡πâ‡∏ä‡∏µ‡∏ß‡∏¥‡∏ï‡∏Å‡∏≤‡∏£‡πÄ‡∏£‡∏µ‡∏¢‡∏ô‡∏Å‡∏±‡∏ô‡πÅ‡∏ö‡∏ö‡πÄ‡∏à‡∏≤‡∏∞‡∏•‡∏∂‡∏Å ‡∏™‡∏°‡∏±‡∏Ñ‡∏£‡πÑ‡∏î‡πâ‡πÄ‡∏•‡∏¢‡∏ñ‡∏∂‡∏á 20 ‡∏ï‡∏∏‡∏•‡∏≤‡∏ô‡∏µ‡πâ‡πÄ‡∏ó‡πà‡∏≤‡∏ô‡∏±‡πâ‡∏ô ‡∏£‡∏≤‡∏¢‡∏•‡∏∞‡πÄ‡∏≠‡∏µ‡∏¢‡∏î‡∏ó‡∏µ‡πà¬†...,['‡∏à‡∏∏‡∏¨‡∏≤'],https://twitter.com/athome_online/status/1317799013400281088,https://twitter.com ‚Ä∫ athome_online ‚Ä∫ status,
59,AT HOME,#‡∏Ñ‡πà‡∏≤‡∏¢‡∏•‡∏≤‡∏ô‡πÄ‡∏Å‡∏µ‡∏¢‡∏£‡πå #‡∏ß‡∏¥‡∏®‡∏ß‡∏∞ #‡∏à‡∏∏‡∏¨‡∏≤ ‡πÄ‡∏õ‡∏¥‡∏î‡∏£‡∏±‡∏ö‡∏™‡∏°‡∏±‡∏Ñ‡∏£‡πÅ‡∏•‡πâ‡∏ß ‡πÄ‡∏û‡∏¥‡πà‡∏°‡πÄ‡∏ï‡∏¥‡∏°‡∏ó‡∏µ‡πà https://larngear.com #athometh #‡πÄ‡∏£‡∏µ‡∏¢‡∏ô‡∏≠‡∏≠‡∏ô‡πÑ‡∏•‡∏ô‡πå‡πÉ‡∏ä‡πâathome #TCAS #ONET #GAT #9‡∏ß‡∏¥‡∏ä‡∏≤‡∏™‡∏≤‡∏°‡∏±‡∏ç #PAT #dek63 #dek64¬†...,['‡∏à‡∏∏‡∏¨‡∏≤'],https://twitter.com/athome_online/status/1177432216613187585,https://twitter.com ‚Ä∫ athome_online ‚Ä∫ status,
60,Thai Enquirer,... parades during the annual Chulalongkorn-Thammasat football match this year. #Thailand #‡∏à‡∏∏‡∏¨‡∏≤‡∏ò‡∏£‡∏£‡∏°‡∏®‡∏≤‡∏™‡∏ï‡∏£‡πå #‡∏à‡∏∏‡∏¨‡∏≤ #‡∏ò‡∏£‡∏£‡∏°‡∏®‡∏≤‡∏™‡∏ï‡∏£‡πå. Image.,['‡∏à‡∏∏‡∏¨‡∏≤'],https://twitter.com/ThaiEnquirer/status/1774650580574912851,https://twitter.com ‚Ä∫ ThaiEnquirer ‚Ä∫ status,
61,cu.askreal (@cuaskreal) / X,"... Cu Ask Real ‡πÄ‡∏´‡∏•‡∏∑‡∏≠‡πÑ‡∏ã‡∏™‡πå L(1), M, S ‡∏£‡∏≤‡∏Ñ‡∏≤‡∏ï‡∏≠‡∏ô‡∏ô‡∏µ‡πâ 200 ‡∏ö‡∏≤‡∏ó ‡∏™‡πà‡∏á‡∏ü‡∏£‡∏µ‡∏•‡∏ó‡∏ö. #‡∏à‡∏∏‡∏¨‡∏≤ #‡∏ó‡∏µ‡∏°‡∏à‡∏∏‡∏¨‡∏≤ #‡∏¨ #Chula #cu103 #cufirstdate2019 #cufirstdate #CBAchula #‡∏£‡∏±‡∏ö‡∏ô‡πâ‡∏≠‡∏á‡∏Å‡πâ‡∏≤‡∏ß‡πÉ‡∏´‡∏°‡πà62.",['‡∏à‡∏∏‡∏¨‡∏≤'],https://twitter.com/cuaskreal,https://twitter.com ‚Ä∫ cuaskreal,
62,captain bank,#‡∏Ñ‡∏≠‡∏ô‡πÇ‡∏î #‡∏à‡∏∏‡∏¨‡∏≤ #Ashton #AshtonChula #QChula #IdeoQChula #‡∏à‡∏≤‡∏°‡∏à‡∏∏‡∏£‡∏µ‡∏™‡πÅ‡∏Ñ‡∏ß‡∏£‡πå #MRTSamyan #CondoChula #‡∏Ñ‡∏≠‡∏ô‡πÇ‡∏î‡∏à‡∏∏‡∏¨‡∏≤ #Samyan #SamyanMitrtown #‡∏™‡∏≤‡∏°‡∏¢‡πà‡∏≤‡∏ô #‡∏™‡∏≤‡∏°¬†...,['‡∏à‡∏∏‡∏¨‡∏≤'],https://mobile.twitter.com/captainbank2u/status/1266021841400815616,https://mobile.twitter.com ‚Ä∫ status,
63,Chemicallme (@Chemicallme04) / X,(‡∏ï‡πà‡∏≠) ‡∏£‡∏ß‡∏°‡πÄ‡∏ô‡∏∑‡πâ‡∏≠‡∏´‡∏≤‡πÄ‡∏Ñ‡∏°‡∏µ‡∏ó‡∏µ‡πà‡∏ï‡πâ‡∏≠‡∏á‡∏≠‡πà‡∏≤‡∏ô ‚úå   ‡πÄ‡∏û‡∏∑‡πà‡∏≠‡πÄ‡∏ï‡∏£‡∏µ‡∏¢‡∏°‡∏™‡∏≠‡∏ö‡∏Ñ‡∏±‡∏î‡πÄ‡∏•‡∏∑‡∏≠‡∏Å‡∏™‡∏≠‡∏ß‡∏ô. ‡∏Ñ‡πà‡∏≤‡∏¢ 1 ‡∏õ‡∏µ67 . . #chemicallme #fightalevel #‡∏ù‡πà‡∏≤‡∏î‡∏á‡πÄ‡∏Ñ‡∏°‡∏µ #‡πÄ‡∏Ñ‡∏°‡∏µ #alevel #‡∏™‡∏≤‡∏¢‡∏ß‡∏¥‡∏ó‡∏¢‡πå #‡∏Ñ‡∏ì‡∏∞‡∏ß‡∏¥‡∏ó‡∏¢‡πå #‡∏à‡∏∏‡∏¨‡∏≤ #‡πÄ‡∏ï‡∏£‡∏µ‡∏¢‡∏°‡∏™‡∏≠‡∏ö‡πÄ‡∏Ñ‡∏°‡∏µ #studygram¬†...,['‡∏à‡∏∏‡∏¨‡∏≤'],https://twitter.com/Chemicallme04,https://twitter.com ‚Ä∫ Chemicallme04,
64,National Geographic Thailand - NatGeoMagTH,"#‡∏à‡∏∏‡∏¨‡∏≤ #‡∏°‡∏≤‡∏ô‡∏∏‡∏©‡∏¢‡∏ß‡∏¥‡∏ó‡∏¢‡∏≤. Translate post. ""‡∏à‡∏±‡∏Å‡∏£‡∏Å‡∏£‡∏¥‡∏ä ‡∏™‡∏±‡∏á‡∏Ç‡∏°‡∏ì‡∏µ"" ‡∏°‡∏≤‡∏ô‡∏∏‡∏©‡∏¢‡∏ß‡∏¥‡∏ó‡∏¢‡∏≤‡∏°‡∏´‡∏≤‡∏™‡∏°‡∏∏‡∏ó‡∏£ ‡∏ñ‡∏≠‡∏î‡∏£‡∏´‡∏±‡∏™‡∏°‡∏ô‡∏∏‡∏©‡∏¢‡πå‡πÉ‡∏ô‡∏£‡∏∞‡∏ö‡∏ö‡∏ô‡∏¥‡πÄ‡∏ß‡∏®‡πÉ‡∏ï‡πâ‡∏ó‡∏∞‡πÄ‡∏• - National Geographic... From¬†...",['‡∏à‡∏∏‡∏¨‡∏≤'],https://twitter.com/NatGeoMagTH/status/1788559144355844371,https://twitter.com ‚Ä∫ NatGeoMagTH ‚Ä∫ status,
65,TCASter,"... ‡∏°‡∏¥‡∏ñ‡∏∏‡∏ô‡∏≤‡∏¢‡∏ô 67 (‡πÑ‡∏°‡πà‡∏Ñ‡πâ‡∏≤‡∏á‡∏Ñ‡∏∑‡∏ô) ‡∏£‡∏≤‡∏¢‡∏•‡∏∞‡πÄ‡∏≠‡∏µ‡∏¢‡∏î‡πÄ‡∏û‡∏¥‡πà‡∏°‡πÄ‡∏ï‡∏¥‡∏° : https://camphub.in.th/talkkatect-2024/‚Ä¶ . #‡∏™‡∏ñ‡∏≤‡∏õ‡∏±‡∏ï‡∏¢‡πå #‡∏•‡∏≤‡∏î‡∏Å‡∏£‡∏∞‡∏ö‡∏±‡∏á #‡∏®‡∏¥‡∏•‡∏õ‡∏≤‡∏Å‡∏£ #‡∏à‡∏∏‡∏¨‡∏≤. Image. 5:05 AM ¬∑ Jun 4, 2024. ¬∑. 1,962.",['‡∏à‡∏∏‡∏¨‡∏≤'],https://twitter.com/TCASterApp/status/1797857059708318015,https://twitter.com ‚Ä∫ TCASterApp ‚Ä∫ status,
66,‡∏•‡∏≠‡∏£‡∏µ‡πà - ‡∏û‡∏á‡∏®‡πå‡∏û‡∏• ‡∏¢‡∏≠‡∏î‡πÄ‡∏°‡∏∑‡∏≠‡∏á‡πÄ‡∏à‡∏£‡∏¥‡∏ç,"... ‡πÅ‡∏™‡∏î‡∏á‡∏û‡∏•‡∏±‡∏á‡πÉ‡∏´‡πâ‡πÇ‡∏•‡∏Å‡∏£‡∏π‡πâ ‡∏ß‡πà‡∏≤‡πÄ‡∏£‡∏≤‡∏¢‡∏∑‡∏ô‡∏´‡∏¢‡∏±‡∏î‡πÑ‡∏°‡πà‡∏õ‡∏•‡πà‡∏≠‡∏¢‡πÉ‡∏´‡πâ‡πÉ‡∏Ñ‡∏£‡∏ö‡∏π‡∏•‡∏•‡∏µ‡πà‡∏™‡∏ñ‡∏≤‡∏ö‡∏±‡∏ô #‡πÄ‡∏£‡∏≤‡∏£‡∏±‡∏Å‡∏û‡∏£‡∏∞‡πÄ‡∏ó‡∏û #‡∏Ç‡∏ö‡∏ß‡∏ô‡πÄ‡∏™‡∏î‡πá‡∏à #‡∏à‡∏∏‡∏¨‡∏≤ #‡∏•‡∏≠‡∏£‡∏µ‡πà‡∏û‡∏á‡∏®‡πå‡∏û‡∏•. Translate post. Embedded video. 1:29. 1:47 PM ¬∑ Feb 15, 2024. ¬∑.",['‡∏à‡∏∏‡∏¨‡∏≤'],https://twitter.com/LoryPongpol/status/1758125972581396724,https://twitter.com ‚Ä∫ LoryPongpol ‚Ä∫ status,
67,Pavin,"‡πÄ‡∏™‡∏≤‡∏´‡∏•‡∏±‡∏Å‡∏õ‡∏±‡∏Å‡∏Ç‡∏µ‡πâ‡πÄ‡∏•‡∏ô #‡∏à‡∏∏‡∏¨‡∏≤. Translate post. Image. 4:37 AM ¬∑ Feb 26, 2022 ¬∑ 9,530. Reposts ¬∑ 66. Quotes ¬∑ 4,549. Likes. 17. Bookmarks. 17.",['‡∏à‡∏∏‡∏¨‡∏≤'],https://twitter.com/PavinKyoto/status/1497430532220620803,https://twitter.com ‚Ä∫ PavinKyoto ‚Ä∫ status,
68,Sale Here - ‡∏≠‡∏∞‡πÑ‡∏£‡∏•‡∏î‡πÄ‡∏£‡∏≤‡∏£‡∏π‡πâ,"... ‡πÑ‡∏î‡πâ‡∏ó‡∏µ‡πà‡∏ô‡∏µ‡πà >> https://buff.ly/4emGBnj #SaleHere #‡πÄ‡∏ã‡∏•‡πÄ‡∏Æ‡∏µ‡∏¢‡∏£‡πå #‡∏Ñ‡∏≠‡∏£‡πå‡∏™‡πÄ‡∏£‡∏µ‡∏¢‡∏ô #‡∏™‡∏ô‡∏ó‡∏ô‡∏≤‡∏†‡∏≤‡∏©‡∏≤‡∏≠‡∏±‡∏á‡∏Å‡∏§‡∏© #‡∏Ñ‡∏≠‡∏£‡πå‡∏™‡πÄ‡∏£‡∏µ‡∏¢‡∏ô‡∏à‡∏∏‡∏¨‡∏≤ #‡∏à‡∏∏‡∏¨‡∏≤. Image. 2:40 AM ¬∑ Jun 17, 2024. ¬∑. 52.6K. Views. 733.",['‡∏à‡∏∏‡∏¨‡∏≤'],https://twitter.com/salehere1/status/1802531619045036502,https://twitter.com ‚Ä∫ salehere1 ‚Ä∫ status,
69,CU NEX,#CUNEXPRIVILEGES ‡πÅ‡∏≠‡∏ö‡∏Å‡∏£‡∏∞‡∏ã‡∏¥‡∏ö‡∏™‡πà‡∏á‡∏ó‡πâ‡∏≤‡∏¢‡πÑ‡∏ß‡πâ‡∏î‡πâ‡∏ß‡∏¢‡∏î‡∏µ‡∏Å‡∏ß‡πà‡∏≤ '‡∏™‡∏±‡∏õ‡∏î‡∏≤‡∏´‡πå‡∏´‡∏ô‡πâ‡∏≤ NEXKY ‡∏à‡∏∞‡∏°‡∏≤‡πÅ‡∏à‡∏Å ‡πÇ‡∏Ñ‡πâ‡∏î (‡πÑ‡∏°‡πà) ‡∏•‡∏±‡∏ö‡πÄ‡∏û‡∏¥‡πà‡∏°‡πÄ‡∏ï‡∏¥‡∏°‡∏Å‡∏±‡∏ô' ‡∏ñ‡πâ‡∏≤‡∏≠‡∏¢‡∏≤‡∏Å‡∏£‡∏π‡πâ‡∏ß‡πà‡∏≤‡∏à‡∏∞‡πÄ‡∏õ‡πá‡∏ô‡∏≠‡∏∞‡πÑ‡∏£‡∏Å‡πá‡∏£‡∏≠‡∏ï‡∏¥‡∏î‡∏ï‡∏≤‡∏°‡πÑ‡∏î‡πâ‡πÄ‡∏•‡∏¢   #‡∏à‡∏∏‡∏¨‡∏≤.,['‡∏à‡∏∏‡∏¨‡∏≤'],https://twitter.com/cu_nex/status/1388455738956075009,https://twitter.com ‚Ä∫ cu_nex ‚Ä∫ status,
70,Tops Thailand,‡∏à‡∏ö‡∏à‡∏£‡∏¥‡∏á‡∏ó‡∏∏‡∏Å‡∏õ‡∏±‡∏ç‡∏´‡∏≤‡∏™‡∏¥‡∏ß‡∏î‡πâ‡∏ß‡∏¢ #‡∏à‡∏∏‡∏¨‡∏≤ ‡πÄ‡∏Æ‡∏¥‡∏£‡πå‡∏ö ‡πÄ‡∏à‡∏•‡πÅ‡∏ï‡πâ‡∏°‡∏™‡∏¥‡∏ß‡∏î‡∏≠‡∏Å‡∏î‡∏≤‡∏ß‡πÄ‡∏£‡∏∑‡∏≠‡∏á‡πÉ‡∏ô‡∏ï‡∏≥‡∏ô‡∏≤‡∏ô ‡∏™‡∏≤‡∏£‡∏™‡∏Å‡∏±‡∏î Glycolic acid (AHA) ‡∏´‡∏¢‡∏∏‡∏î‡∏Å‡∏≤‡∏£‡πÄ‡∏ï‡∏¥‡∏ö‡πÇ‡∏ï‡∏Ç‡∏≠‡∏á‡πÄ‡∏ä‡∏∑‡πâ‡∏≠‡πÅ‡∏ö‡∏Ñ‡∏ó‡∏µ‡πÄ‡∏£‡∏µ‡∏¢‡∏û‡∏£‡πâ‡∏≠‡∏°‡∏õ‡πâ‡∏≠‡∏á‡∏Å‡∏±‡∏ô‡∏Å‡∏≤‡∏£‡∏≠‡∏±‡∏Å‡πÄ‡∏™‡∏ö‡∏Ç‡∏≠‡∏á‡∏™‡∏¥‡∏ß¬†...,['‡∏à‡∏∏‡∏¨‡∏≤'],https://twitter.com/topsthailand/status/1039464121094139904,https://twitter.com ‚Ä∫ topsthailand ‚Ä∫ status,
71,Learning German is a JOURNEY! ‡∏™‡∏≠‡∏ô‡πÄ‡∏¢‡∏≠‡∏£‡∏°‡∏±‡∏ô,... #Alevel‡πÄ‡∏¢‡∏≠‡∏£‡∏°‡∏±‡∏ô #‡πÅ‡∏à‡∏Å‡∏®‡∏±‡∏û‡∏ó‡πå #‡∏à‡∏∏‡∏¨‡∏≤ #‡∏ï‡∏¥‡∏ß‡πÄ‡∏ï‡∏≠‡∏£‡πå #TPAT #studygramthailand #‡∏†‡∏≤‡∏©‡∏≤‡πÄ‡∏¢‡∏≠‡∏£‡∏°‡∏±‡∏ô #‡∏ä‡∏µ‡∏ó‡∏™‡∏£‡∏∏‡∏õ #‡∏´‡∏≤‡∏ó‡∏µ‡πà‡πÄ‡∏£‡∏µ‡∏¢‡∏ô‡∏û‡∏¥‡πÄ‡∏®‡∏©. Translate post. Image. 1:43 PM ¬∑ Oct 26¬†...,['‡∏à‡∏∏‡∏¨‡∏≤'],https://twitter.com/germanjourney/status/1717537453320581605,https://twitter.com ‚Ä∫ germanjourney ‚Ä∫ status,
72,TCASter,"... - Android > https://bit.ly/TCASterandroid . #dek66 #dek67 #‡πÇ‡∏Ñ‡∏ß‡∏ï‡∏≤ #‡∏à‡∏∏‡∏¨‡∏≤ #‡∏£‡∏≠‡∏ö2 #‡∏≠‡∏¥‡∏ô‡πÄ‡∏ï‡∏≠‡∏£‡πå #‡∏ô‡∏≤‡∏ô‡∏≤‡∏ä‡∏≤‡∏ï‡∏¥ #‡∏•‡∏π‡∏Å‡∏û‡∏£‡∏∞‡πÄ‡∏Å‡∏µ‡πâ‡∏¢‡∏ß. Image. 7:00 AM ¬∑ Mar 7,¬†...",['‡∏à‡∏∏‡∏¨‡∏≤'],https://twitter.com/TCASterApp/status/1632999523239833601,https://twitter.com ‚Ä∫ TCASterApp ‚Ä∫ status,
73,CU NEX,"#CUNEX #NewFeature ‡∏≠‡∏±‡∏õ‡πÄ‡∏î‡∏ï‡πÑ‡∏î‡πâ‡πÅ‡∏•‡πâ‡∏ß‡∏ß‡∏±‡∏ô‡∏ô‡∏µ‡πâ ‡∏û‡∏ö‡∏Å‡∏±‡∏ö‡∏ü‡∏µ‡πÄ‡∏à‡∏≠‡∏£‡πå‡∏ô‡πâ‡∏≠‡∏á‡πÉ‡∏´‡∏°‡πà ‚ÄúCU Links‚Äù ‡∏£‡∏ß‡∏°‡∏ó‡∏∏‡∏Å‡∏™‡∏¥‡πà‡∏á‡∏ó‡∏µ‡πà‡∏ï‡∏≤‡∏°‡∏´‡∏≤‡πÑ‡∏ß‡πâ‡πÉ‡∏ô‡πÇ‡∏ó‡∏£‡∏®‡∏±‡∏û‡∏ó‡πå‡∏°‡∏∑‡∏≠‡∏ñ‡∏∑‡∏≠‡∏Ç‡∏≠‡∏á‡∏Ñ‡∏∏‡∏ì #‡∏à‡∏∏‡∏¨‡∏≤. Image. 10:15 AM ¬∑ Mar 3, 2021 ¬∑ 2. Reposts.",['‡∏à‡∏∏‡∏¨‡∏≤'],https://twitter.com/cu_nex/status/1367055926142717955,https://twitter.com ‚Ä∫ cu_nex ‚Ä∫ status,
74,TCASter,... E-book Examhub A-Level ‡πÅ‡∏ñ‡∏°‡∏ü‡∏£‡∏µ! TCAS On Fire   http://tcaster.info/3lwMQxT #TCAS66 #‡∏à‡∏∏‡∏¨‡∏≤ #‡∏°‡∏ä #‡∏°‡∏Ç #‡∏°‡∏ò #‡∏°‡∏Å #‡∏•‡∏≤‡∏î‡∏Å‡∏£‡∏∞‡∏ö‡∏±‡∏á #ALEVEL.,['‡∏à‡∏∏‡∏¨‡∏≤'],https://twitter.com/TCASterApp/status/1625812168229937154,https://twitter.com ‚Ä∫ TCASterApp ‚Ä∫ status,
75,The Nation Thailand,The Nation Vox Pop EP.4 | Are you their type? Comment down below! #thenationvoxpop #voxpop #thenationthailand #fyp #‡∏à‡∏∏‡∏¨‡∏≤ #‡∏ß‡∏±‡∏¢‡∏£‡∏∏‡πà‡∏ô‡πÑ‡∏ó‡∏¢.,['‡∏à‡∏∏‡∏¨‡∏≤'],https://twitter.com/Thenationth/status/1786334699117535610,https://twitter.com ‚Ä∫ Thenationth ‚Ä∫ status,
76,MSCU,"... Group ‡∏™‡∏≥‡∏´‡∏£‡∏±‡∏ö DEK66 ‡∏†‡∏≤‡∏Ñ‡∏ß‡∏¥‡∏ä‡∏≤‡∏ß‡∏±‡∏™‡∏î‡∏∏‡∏Ø ‡∏à‡∏∏‡∏¨‡∏≤‡∏Ø MS53 http://line.me/ti/g/3-9dA0rlsH #dek66 #‡∏ß‡∏±‡∏™‡∏î‡∏∏ #‡∏à‡∏∏‡∏¨‡∏≤ #matscicu #‡∏ß‡∏±‡∏™‡∏î‡∏∏‡∏à‡∏∏‡∏¨‡∏≤. Image. 8:52 AM ¬∑ May 20, 2023. ¬∑. 2,536. Views.",['‡∏à‡∏∏‡∏¨‡∏≤'],https://twitter.com/MatsciCU/status/1659844642840674304,https://twitter.com ‚Ä∫ MatsciCU ‚Ä∫ status,
77,‡∏û‡∏µ‡πÄ‡∏≠‡∏°,... ‡∏à‡∏∏‡∏¨‡∏≤ ¬∑ docs.google.com. ‡πÅ‡∏ö‡∏ö‡∏™‡∏≠‡∏ö‡∏ñ‡∏≤‡∏°‡∏Ñ‡∏∞‡πÅ‡∏ô‡∏ô ‡∏ß‡∏¥‡∏®‡∏ß‡∏∞ ‡∏à‡∏∏‡∏¨‡∏≤. ‡∏™‡∏≥‡∏£‡∏ß‡∏à‡∏Ñ‡∏∞‡πÅ‡∏ô‡∏ô TCAS67 ‡∏™‡∏≥‡∏´‡∏£‡∏±‡∏ö‡∏ú‡∏π‡πâ‡∏ó‡∏µ‡πà‡∏™‡∏ô‡πÉ‡∏à‡∏™‡∏°‡∏±‡∏Ñ‡∏£‡πÄ‡∏Ç‡πâ‡∏≤‡∏Ñ‡∏ì‡∏∞‡∏ß‡∏¥‡∏®‡∏ß‡∏Å‡∏£‡∏£‡∏°‡∏®‡∏≤‡∏™‡∏ï‡∏£‡πå ‡∏à‡∏∏‡∏¨‡∏≤‡∏•‡∏á‡∏Å‡∏£‡∏ì‡πå‡∏°‡∏´‡∏≤‡∏ß‡∏¥‡∏ó‡∏¢‡∏≤‡∏•‡∏±‡∏¢ ¬∑ 8:06 AM¬†...,['‡∏à‡∏∏‡∏¨‡∏≤'],https://twitter.com/pmsongjudha/status/1780145670835638454,https://twitter.com ‚Ä∫ pmsongjudha ‚Ä∫ status,
78,MSCU,"... ‡∏Ø ‡∏à‡∏∏‡∏¨‡∏≤‡∏Ø MS53 IG Official: @matscicu ¬∑ http://line.me/ti/g/3-9dA0rlsH #dek66 #‡∏ß‡∏±‡∏™‡∏î‡∏∏ #‡∏à‡∏∏‡∏¨‡∏≤ #matscicu #‡∏ß‡∏±‡∏™‡∏î‡∏∏‡∏à‡∏∏‡∏¨‡∏≤. Image. 8:50 AM ¬∑ May 20, 2023.",['‡∏à‡∏∏‡∏¨‡∏≤'],https://twitter.com/MatsciCU/status/1659843913941921792,https://twitter.com ‚Ä∫ MatsciCU ‚Ä∫ status,
79,TCASter,"... ‡∏£‡∏≤‡∏¢‡∏Ñ‡∏ô http://tcaster.net/mockexamination/mock-inter/‚Ä¶ . #MockInter #CUAATMath #CU #‡∏≠‡∏¥‡∏ô‡πÄ‡∏ï‡∏≠‡∏£‡πå‡∏à‡∏∏‡∏¨‡∏≤ #‡∏à‡∏∏‡∏¨‡∏≤. Image. 8:00 AM ¬∑ Jun 2,¬†...",['‡∏à‡∏∏‡∏¨‡∏≤'],https://twitter.com/TCASterApp/status/1664542375681617922,https://twitter.com ‚Ä∫ TCASterApp ‚Ä∫ status,
80,eduzones,"... #TCAS68 ‡∏´‡πâ‡∏≤‡∏°‡∏û‡∏•‡∏≤‡∏î! ‡∏≠‡πà‡∏≤‡∏ô‡∏ó‡∏µ‡πà : https://eduzones.com/2024/03/17/tcas68-cu-openhouse/‚Ä¶ #dek68 #dek67 #CU #‡∏à‡∏∏‡∏¨‡∏≤. Image. 9:07 AM ¬∑ Mar 17, 2024. ¬∑. 2,080. Views.",['‡∏à‡∏∏‡∏¨‡∏≤'],https://twitter.com/eduzones/status/1769289319431196909,https://twitter.com ‚Ä∫ eduzones ‚Ä∫ status,
81,Thairath Plus - ‡πÑ‡∏ó‡∏¢‡∏£‡∏±‡∏ê‡∏û‡∏•‡∏±‡∏™,... /755498473126172/‚Ä¶ #‡πÄ‡∏ô‡∏ï‡∏¥‡∏ß‡∏¥‡∏ó‡∏¢‡πå #‡∏Å‡∏≤‡∏£‡πÄ‡∏°‡∏∑‡∏≠‡∏á #‡∏à‡∏∏‡∏¨‡∏≤ #‡∏≠‡∏∏‡πÄ‡∏ó‡∏ô‡∏ñ‡∏ß‡∏≤‡∏¢ #ThairathPlus #‡πÑ‡∏ó‡∏¢‡∏£‡∏±‡∏ê‡∏û‡∏•‡∏±‡∏™ #thairathplusVDO. Translate post. Embedded video. 0:59.,['‡∏à‡∏∏‡∏¨‡∏≤'],https://twitter.com/thairathplus/status/1750458498822164561,https://twitter.com ‚Ä∫ thairathplus ‚Ä∫ status,
82,Sale Here - ‡∏≠‡∏∞‡πÑ‡∏£‡∏•‡∏î‡πÄ‡∏£‡∏≤‡∏£‡∏π‡πâ,"... ‡∏î‡∏π‡∏£‡∏≤‡∏¢‡∏•‡∏∞‡πÄ‡∏≠‡∏µ‡∏¢‡∏î‡πÄ‡∏û‡∏¥‡πà‡∏°‡πÄ‡∏ï‡∏¥‡∏°‡πÑ‡∏î‡πâ‡∏ó‡∏µ‡πà >> https://buff.ly/4376XEN #‡πÄ‡∏ã‡∏•‡πÄ‡∏Æ‡∏µ‡∏¢‡∏£‡πå #SaleHere #‡∏ö‡∏£‡∏£‡∏ó‡∏±‡∏î‡∏ó‡∏≠‡∏á #‡∏à‡∏∏‡∏¨‡∏≤ #Layers #‡∏™‡∏ï‡∏£‡∏≠‡∏ß‡πå‡πÄ‡∏ö‡∏≠‡∏£‡πå‡∏£‡∏µ. Image. 9:40 AM ¬∑ Mar 10, 2024. ¬∑. 1,446. Views.",['‡∏à‡∏∏‡∏¨‡∏≤'],https://twitter.com/salehere1/status/1766760914915627454,https://twitter.com ‚Ä∫ salehere1 ‚Ä∫ status,
83,cafetoreador,... ‡∏ó‡∏µ‡πà‡∏•‡∏á‡∏ï‡∏±‡∏ß‚Äã ‡∏ô‡πà‡∏≤‡∏•‡∏¥‡πâ‡∏°‡∏•‡∏≠‡∏á .. #cafeToreador #cafechula #chula #‡∏à‡∏∏‡∏¨‡∏≤ #‡∏™‡∏ñ‡∏≤‡∏õ‡∏±‡∏ï‡∏¢‡πå‡∏à‡∏∏‡∏¨‡∏≤ #‡∏à‡∏∏‡∏¨‡∏≤‡∏•‡∏á‡∏Å‡∏£‡∏ì‡πå‡∏°‡∏´‡∏≤‡∏ß‡∏¥‡∏ó‡∏¢‡∏≤‡∏•‡∏±‡∏¢ #‡πÇ‡∏£‡∏á‡πÄ‡∏£‡∏µ‡∏¢‡∏ô‡πÄ‡∏ï‡∏£‡∏µ‡∏¢‡∏°‡∏≠‡∏∏‡∏î‡∏°‡∏®‡∏∂‡∏Å‡∏©‡∏≤‚Äã #‡πÄ‡∏ï‡∏£‡∏µ‡∏¢‡∏°‡∏≠‡∏∏‡∏î‡∏°‡∏®‡∏∂‡∏Å‡∏©‡∏≤‚Äã #‡∏™‡∏≤‡∏ò‡∏¥‡∏ï‡∏õ‡∏ó‡∏∏‡∏°‡∏ß‡∏±‡∏ô‚Äã #‡∏™‡∏¢‡∏≤‡∏°.,['‡∏à‡∏∏‡∏¨‡∏≤'],https://twitter.com/cafetoreador1/status/1559753726851555328,https://twitter.com ‚Ä∫ cafetoreador1 ‚Ä∫ status,
84,SAT Math Online,Line: fluffyfluk (083-037-0769) #SAT #SATMATH #CU #TU #MUIC #BBATU #BBACU #BETU #‡∏ï‡∏¥‡∏ß‡πÄ‡∏ï‡∏≠‡∏£‡πå #CHULA #COMMARTS #DEK63 #DEK64 #DEK65 #TCAS #‡∏à‡∏∏‡∏¨‡∏≤ #‡∏à‡∏∏‡∏¨‡∏≤‡∏≠‡∏¥‡∏ô‡πÄ‡∏ï‡∏≠‡∏£‡πå #‡∏°‡∏ò #‡∏≠‡∏¥‡∏ô‡πÄ‡∏ï‡∏≠‡∏£‡πå¬†...,['‡∏à‡∏∏‡∏¨‡∏≤'],https://twitter.com/math_sat,https://twitter.com ‚Ä∫ math_sat,
85,eduzones,"... ‡∏ó‡∏µ‡πà : https://eduzones.com/2023/08/06/portfolio-12/‚Ä¶ #dek68 #TCAS68 #TCAS‡∏£‡∏≠‡∏ö1 #portfolio #‡∏à‡∏∏‡∏¨‡∏≤ #CU. Translate post. Image. 9:08 AM ¬∑ Jun 29, 2024.",['‡∏à‡∏∏‡∏¨‡∏≤'],https://twitter.com/eduzones/status/1806977909086683151,https://twitter.com ‚Ä∫ eduzones ‚Ä∫ status,
86,RentHub Thailand,"@Renthub_TH. ‡∏£‡∏ß‡∏°‡∏≠‡∏û‡∏≤‡∏£‡πå‡∏ó‡πÄ‡∏°‡πâ‡∏ô‡∏ó‡πå‡πÅ‡∏ô‡∏∞‡∏ô‡∏≥‡∏¢‡πà‡∏≤‡∏ô #‡∏ö‡∏£‡∏£‡∏ó‡∏±‡∏î‡∏ó‡∏≠‡∏á ‡πÉ‡∏Å‡∏•‡πâ‡πÅ‡∏´‡∏•‡πà‡∏á‡∏Ç‡∏≠‡∏á‡∏Å‡∏¥‡∏ô ‡πÑ‡∏õ‡πÄ‡∏£‡∏µ‡∏¢‡∏ô #‡∏à‡∏∏‡∏¨‡∏≤ ‡∏Å‡πá‡∏á‡πà‡∏≤‡∏¢ ‡πÄ‡∏î‡∏¥‡∏ô‡∏™‡∏¢‡∏≤‡∏°‡∏Å‡πá‡∏™‡∏ö‡∏≤‡∏¢ ‡πÉ‡∏Å‡∏•‡πâ BTS ‡πÄ‡∏ä‡πà‡∏≤‡πÄ‡∏£‡∏¥‡πà‡∏°‡∏ï‡πâ‡∏ô‡πÄ‡∏û‡∏µ‡∏¢‡∏á 5,600 ‡∏ö‡∏≤‡∏ó/‡πÄ‡∏î‡∏∑‡∏≠‡∏ô ‡∏î‡∏π‡πÄ‡∏û‡∏¥‡πà‡∏°‡∏ó‡∏µ‡πà‡∏ô‡∏µ‡πà      .",['‡∏à‡∏∏‡∏¨‡∏≤'],https://twitter.com/Renthub_TH/status/1801477419385442486,https://twitter.com ‚Ä∫ Renthub_TH ‚Ä∫ status,
87,swag sagggg,... #‡∏à‡∏∏‡∏¨‡∏≤12 #‡∏à‡∏∏‡∏¨‡∏≤5 #‡∏™‡∏ß‡∏ô‡∏´‡∏•‡∏ß‡∏á‡∏™‡πÅ‡∏Ñ‡∏ß‡∏£‡πå‚Äã #‡∏™‡πâ‡∏°‡∏ï‡∏≥ #‡∏ï‡∏≥‡πÇ‡∏Ñ‡∏£‡∏≤‡∏ä #‡∏ï‡∏≥‡∏õ‡∏π‡∏õ‡∏•‡∏≤‡∏£‡πâ‡∏≤ #‡∏™‡πâ‡∏°‡∏ï‡∏≥ #‡∏≠‡∏≤‡∏´‡∏≤‡∏£‡∏≠‡∏µ‡∏™‡∏≤‡∏ô #‡∏à‡∏∏‡∏¨‡∏≤ #‡∏¢‡∏≥ #‡∏£‡πâ‡∏≤‡∏ô‡∏¢‡∏≥ #‡∏•‡∏≤‡∏ö‡∏ó‡∏≠‡∏î #‡∏ï‡∏≥‡∏ñ‡∏≤‡∏î #‡∏ô‡∏°‡∏¢‡πà‡∏≤‡∏á ‡∏û‡∏¥‡∏Å‡∏±‡∏î ‡∏à‡∏∏‡∏¨‡∏≤‡∏ã‡∏≠‡∏¢5 Tel : 0972376407. Image.,['‡∏à‡∏∏‡∏¨‡∏≤'],https://twitter.com/swagsaggg,https://twitter.com ‚Ä∫ swagsaggg,
88,TCASter,‡∏´‡∏•‡∏±‡∏Å‡∏™‡∏π‡∏ï‡∏£‡∏Å‡∏≤‡∏£‡πÄ‡∏£‡∏µ‡∏¢‡∏ô‡∏Å‡∏≤‡∏£‡∏™‡∏≠‡∏ô   . ‡∏ß‡∏¥‡∏®‡∏ß‡∏∞ ‡∏à‡∏∏‡∏¨‡∏≤‡∏Ø https://eng.chula.ac.th/th/academics/bachelor‚Ä¶ #dek66 #TCAS66 #‡∏ß‡∏¥‡∏®‡∏ß‡∏∞ #‡∏à‡∏∏‡∏¨‡∏≤. Translate post.,['‡∏à‡∏∏‡∏¨‡∏≤'],https://twitter.com/TCASterApp/status/1541980879911694338,https://twitter.com ‚Ä∫ TCASterApp ‚Ä∫ status,
89,Learning German is a JOURNEY! ‡∏™‡∏≠‡∏ô‡πÄ‡∏¢‡∏≠‡∏£‡∏°‡∏±‡∏ô,... ‡πÄ‡∏¢‡∏≠‡∏£‡∏°‡∏±‡∏ô #Alevel67 #tcas67 #dek67 #dek68 #‡∏à‡∏∏‡∏¨‡∏≤ #‡∏≠‡∏±‡∏Å‡∏©‡∏£‡∏à‡∏∏‡∏¨‡∏≤ #‡πÅ‡∏à‡∏Å‡∏ü‡∏£‡∏µ #‡πÅ‡∏à‡∏Å‡∏ä‡∏µ‡∏ó #‡πÅ‡∏à‡∏Å‡∏™‡∏£‡∏∏‡∏õ #‡πÅ‡∏à‡∏Å‡∏®‡∏±‡∏û‡∏ó‡πå #‡πÅ‡∏à‡∏Å‡∏ä‡∏µ‡∏ó‡∏™‡∏£‡∏∏‡∏õ‡∏ü‡∏£‡∏µ #‡∏£‡∏±‡∏ö‡∏™‡∏≠‡∏ô‡∏û‡∏¥‡πÄ‡∏®‡∏© #‡∏ï‡∏¥‡∏ß‡πÄ‡∏ï‡∏≠‡∏£‡πå‡πÄ‡∏¢‡∏≠‡∏£‡∏°‡∏±‡∏ô. Image.,['‡∏à‡∏∏‡∏¨‡∏≤'],https://twitter.com/germanjourney/status/1700871344433549556,https://twitter.com ‚Ä∫ germanjourney ‚Ä∫ status,
90,The Nation Thailand,The Nation Vox Pop EP.7 | How much do they spend in a month? Spend on what? #thenationvoxpop #voxpop #thenationthailand #fyp #‡∏à‡∏∏‡∏¨‡∏≤ #‡∏®‡∏¥‡∏•‡∏õ‡∏≤‡∏Å‡∏£¬†...,['‡∏à‡∏∏‡∏¨‡∏≤'],https://twitter.com/Thenationth/status/1788901809962275040,https://twitter.com ‚Ä∫ Thenationth ‚Ä∫ status,
91,TCASter,"‚úì ‡πÄ‡∏•‡∏∑‡∏≠‡∏Å‡∏™‡∏≠‡∏ö PAT 7 GAT = 250+ PAT 7 = 245+ ‡∏™.‡πÑ‡∏ó‡∏¢ = 65+ ‡∏™.Eng = 60+ ‡∏™.‡∏™‡∏±‡∏á‡∏Ñ‡∏° = 60+ ‡∏ß‡∏¥‡∏ä‡∏≤‡∏•‡∏∞ 20 % ,‡∏Ñ‡∏∞‡πÅ‡∏ô‡∏ô‡∏Ç‡∏±‡πâ‡∏ô‡∏ï‡πà‡∏≥ = 21,000 . #DEK65 #tcas65 #‡∏à‡∏∏‡∏¨‡∏≤.",['‡∏à‡∏∏‡∏¨‡∏≤'],https://twitter.com/TCASterApp/status/1494574907619000320,https://twitter.com ‚Ä∫ TCASterApp ‚Ä∫ status,
92,‡∏ó‡∏∏‡∏ô‡∏ï‡πà‡∏≠‡∏ô‡∏≠‡∏Å & ‡∏ö‡∏≠‡∏Å‡∏ï‡πà‡∏≠‡∏Ñ‡∏≠‡∏£‡πå‡∏™ by Dek-D,"‡πÄ‡∏ò‡∏£‡∏î‡∏ô‡∏µ‡πâ‡∏à‡∏∞‡∏°‡∏±‡∏î‡∏£‡∏ß‡∏° 10 ‡πÅ‡∏û‡∏•‡∏ï‡∏ü‡∏≠‡∏£‡πå‡∏°‡∏Ç‡∏≠‡∏á‡∏ó‡∏≤‡∏á ""‡∏à‡∏∏‡∏¨‡∏≤‡∏•‡∏á‡∏Å‡∏£‡∏ì‡πå‡∏°‡∏´‡∏≤‡∏ß‡∏¥‡∏ó‡∏¢‡∏≤‡∏•‡∏±‡∏¢"" ‡∏´‡∏£‡∏∑‡∏≠‡∏≠‡∏≤‡∏à‡∏≤‡∏£‡∏¢‡πå‡∏ú‡∏π‡πâ‡πÄ‡∏ä‡∏µ‡πà‡∏¢‡∏ß‡∏ä‡∏≤‡∏ç‡∏à‡∏≤‡∏Å #‡∏à‡∏∏‡∏¨‡∏≤ ‡πÄ‡∏õ‡πá‡∏ô‡∏ú‡∏π‡πâ‡∏à‡∏±‡∏î‡∏ó‡∏≥‡πÉ‡∏´‡πâ‡∏ó‡∏∏‡∏Å‡∏Ñ‡∏ô‡πÄ‡∏Ç‡πâ‡∏≤‡πÑ‡∏õ‡∏≠‡∏±‡∏õ‡∏™‡∏Å‡∏¥‡∏•‡πÑ‡∏î‡πâ‚ú®‡∏™‡πà‡∏ß‡∏ô‡πÉ‡∏´‡∏ç‡πà‡∏ü‡∏£‡∏µ‚ú® ‡πÄ‡∏ä‡πà‡∏ô ‡∏Ñ‡∏≠‡∏£‡πå‡∏™‡∏≠‡∏≠‡∏ô‡πÑ‡∏•‡∏ô‡πå¬†...",['‡∏à‡∏∏‡∏¨‡∏≤'],https://twitter.com/tornokandcourse/status/1683446945648373761,https://twitter.com ‚Ä∫ tornokandcourse ‚Ä∫ status,
93,‡∏ô‡∏¥‡πÄ‡∏ó‡∏® ‡∏à‡∏∏‡∏¨‡∏≤‡∏Ø üü£ ‡∏£‡∏≠‡∏ö AD1 ‡∏õ‡∏µ 64 ‡πÄ‡∏•‡∏∑‡∏≠‡∏Å‡∏™‡∏≠‡∏ö‡∏†‡∏≤‡∏©‡∏≤ ‡∏£‡∏±‡∏ö 80 ‡∏Ñ‡∏ô,... ‡∏Ñ‡∏ô ) - ‡∏•‡∏á‡πÄ‡∏•‡∏∑‡∏≠‡∏Å‡∏™‡∏≠‡∏ö‡∏î‡πâ‡∏ß‡∏¢ ‡∏†.‡∏ç‡∏µ‡πà‡∏õ‡∏∏‡πà‡∏ô 109 ‡∏Ñ‡∏ô (‡∏ú‡πà‡∏≤‡∏ô 21 ‡∏Ñ‡∏ô ) - ‡∏•‡∏á‡πÄ‡∏•‡∏∑‡∏≠‡∏Å‡∏™‡∏≠‡∏ö‡∏î‡πâ‡∏ß‡∏¢ ‡∏†.‡πÄ‡∏¢‡∏≠‡∏£‡∏°‡∏±‡∏ô 36 ‡∏Ñ‡∏ô (‡∏ú‡πà‡∏≤‡∏ô 5 ‡∏Ñ‡∏ô ) . #dek65 #TCAS65 #‡∏à‡∏∏‡∏¨‡∏≤ #‡∏ô‡∏¥‡πÄ‡∏ó‡∏®. Quote. TCASter.,['‡∏à‡∏∏‡∏¨‡∏≤'],https://twitter.com/TCASterApp/status/1493520619748540417,https://twitter.com ‚Ä∫ TCASterApp ‚Ä∫ status,
94,(1/3) ‡∏Ç‡∏ô‡∏°‡∏Ñ‡∏£‡∏Å‡∏™‡∏¥‡∏á‡∏Ñ‡πÇ‡∏õ‡∏£‡πå‡∏™‡∏±‡∏á‡∏Ç‡∏¢‡∏≤‡∏°‡∏∞‡∏û‡∏£‡πâ‡∏≤‡∏ß‡∏≠‡πà‡∏≠‡∏ô ‡∏≠‡∏±‡∏ô‡∏ô‡∏µ‡πâ‡∏≠‡∏£‡πà‡∏≠‡∏¢‡∏î‡∏µ‡∏ô‡∏∞ ...,"... 3 ‡πÅ‡∏û ‡∏Å‡∏±‡∏ö‡∏™‡∏±‡∏á‡∏Ç‡∏¢‡∏≤‡∏Å‡∏±‡∏ö‡∏°‡∏∞‡∏û‡∏£‡πâ‡∏≤‡∏ß‡∏≠‡πà‡∏≠‡∏ô ‡πÉ‡∏Ñ‡∏£‡∏à‡∏∞‡∏Å‡∏¥‡∏ô‡πÄ‡∏•‡∏¢‡πÉ‡∏´‡πâ‡πÄ‡∏Ñ‡πâ‡∏≤‡∏£‡∏≤‡∏î‡∏Å‡∏¥‡∏ô‡πÄ‡∏•‡∏¢‡πÑ‡∏î‡πâ‡∏ô‡∏∞ #‡πÄ‡∏Å‡∏µ‡πâ‡∏¢‡πÅ‡∏ã‡πà‡∏ö #‡∏≠‡∏£‡πà‡∏≠‡∏¢‡∏ö‡∏≠‡∏Å‡∏ï‡πà‡∏≠ #‡∏ö‡∏£‡∏£‡∏ó‡∏±‡∏î‡∏ó‡∏≠‡∏á #‡∏à‡∏∏‡∏¨‡∏≤. Translate post. Image. 6:22 AM ¬∑ Mar 7, 2024. ¬∑. 43.7K.",['‡∏à‡∏∏‡∏¨‡∏≤'],https://twitter.com/kiazaab/status/1765623937667563539,https://twitter.com ‚Ä∫ kiazaab ‚Ä∫ status,
95,UniCondo üéì‡∏à‡∏±‡∏î‡∏´‡∏≤‡∏Ñ‡∏≠‡∏ô‡πÇ‡∏î‡πÉ‡∏´‡πâ‡∏ô‡∏¥‡∏™‡∏¥‡∏ï‡πÄ‡∏ä‡πà‡∏≤‡∏ü‡∏£‡∏µ ...,... ‡πÑ‡∏î‡πâ‡πÄ‡∏•‡∏¢‡∏ô‡πâ‡∏≤       ‡∏´‡∏£‡∏∑‡∏≠‡∏ó‡∏±‡∏Å‡∏°‡∏≤‡∏õ‡∏£‡∏∂‡∏Å‡∏©‡∏≤‡∏™‡∏≠‡∏ö‡∏ñ‡∏≤‡∏°‡∏£‡∏≤‡∏¢‡∏•‡∏∞‡πÄ‡∏≠‡∏µ‡∏¢‡∏î‡πÄ‡∏û‡∏¥‡πà‡∏°‡πÄ‡∏ï‡∏¥‡∏°‡∏Å‡∏±‡∏ö‡∏û‡∏µ‡πà‡πÜ‡πÑ‡∏î‡πâ‡πÄ‡∏•‡∏¢ ‡∏î‡∏π‡πÅ‡∏•‡πÇ‡∏î‡∏¢‡∏£‡∏∏‡πà‡∏ô‡∏û‡∏µ‡πà‡∏®‡∏¥‡∏©‡∏¢‡πå‡πÄ‡∏Å‡πà‡∏≤‡∏à‡∏∏‡∏¨‡∏≤‡πÄ‡∏≠‡∏á ‡∏Ñ‡∏£‡∏ö‡∏à‡∏ö‡πÉ‡∏ô‡∏ó‡∏µ‡πà‡πÄ‡∏î‡∏µ‡∏¢‡∏ß‚úì #dek67 #cu108 #cu107 #tcas67 #‡∏à‡∏∏‡∏¨‡∏≤ #‡∏´‡∏≤‡πÄ‡∏°‡∏ó‡∏à‡∏∏‡∏¨‡∏≤ #dek66. Image.,['‡∏à‡∏∏‡∏¨‡∏≤'],https://mobile.twitter.com/unicondo,https://mobile.twitter.com ‚Ä∫ unicondo,
96,TCASter,... ‡πÄ‡∏õ‡∏¥‡∏î‡∏£‡∏±‡∏ö‡∏™‡∏°‡∏±‡∏Ñ‡∏£‡∏ö‡πâ‡∏≤‡∏á? ‡πÄ‡∏ä‡πá‡∏Å‡∏Ç‡πâ‡∏≠‡∏°‡∏π‡∏•‡∏Å‡∏≤‡∏£‡∏£‡∏±‡∏ö‡∏™‡∏°‡∏±‡∏Ñ‡∏£‡πÑ‡∏î‡πâ‡πÅ‡∏•‡πâ‡∏ß ‡∏ó‡∏µ‡πà‡∏ô‡∏µ‡πà ‡πÅ‡∏≠‡∏õ‡∏î‡∏µ‡∏ö‡∏≠‡∏Å‡∏ï‡πà‡∏≠ #TCASter ‡∏î‡∏≤‡∏ß‡∏ô‡πå‡πÇ‡∏´‡∏•‡∏î‡∏ü‡∏£‡∏µ‚ÄºÔ∏è #‡∏à‡∏∏‡∏¨‡∏≤ #‡∏°‡∏ò. #‡∏°‡∏´‡∏¥‡∏î‡∏• #‡∏°.‡∏≠. #‡∏°‡∏ä #‡∏°‡∏Ç #‡∏°‡∏ô #‡∏°‡∏°‡∏™ #‡∏°‡∏ü‡∏•. Translate post. Image.,['‡∏à‡∏∏‡∏¨‡∏≤'],https://twitter.com/TCASterApp/status/1482261275270729730,https://twitter.com ‚Ä∫ TCASterApp ‚Ä∫ status,
97,The Nation Thailand,... much do Thai students' outfits cost?? #thenationvoxpop #voxpop #thenationthailand #fashion #‡∏ô‡∏±‡∏Å‡∏®‡∏∂‡∏Å‡∏©‡∏≤ #‡∏à‡∏∏‡∏¨‡∏≤ #‡∏ò‡∏£‡∏£‡∏°‡∏®‡∏≤‡∏™‡∏ï‡∏£‡πå. Embedded video. 1:27.,['‡∏à‡∏∏‡∏¨‡∏≤'],https://twitter.com/Thenationth/status/1789566178676945397,https://twitter.com ‚Ä∫ Thenationth ‚Ä∫ status,
98,TCASter,"... isnow/‚Ä¶ ‚úç   ‡∏™‡∏°‡∏±‡∏Ñ‡∏£‡∏û‡∏£‡πâ‡∏≠‡∏°‡∏™‡πà‡∏á https://bit.ly/RegTCASterContest‚Ä¶ . #‡πÄ‡∏î‡πá‡∏Å‡∏õ‡∏•‡πà‡∏≠‡∏¢‡∏Ç‡∏≠‡∏á‡∏õ‡∏µ‡∏ó‡∏µ‡πà2 #TCAS65 #DEK65 #‡∏ô‡∏¥‡πÄ‡∏ó‡∏® #‡∏à‡∏∏‡∏¨‡∏≤. Image. 3:25 AM ¬∑ Sep 29, 2021.",['‡∏à‡∏∏‡∏¨‡∏≤'],https://twitter.com/TCASterApp/status/1443054177056219144,https://twitter.com ‚Ä∫ TCASterApp ‚Ä∫ status,
99,cafetoreador,‡πÄ‡∏ó‡∏µ‡πà‡∏¢‡∏á‡∏ô‡∏µ‡πâ‡∏Å‡∏¥‡∏ô‡∏≠‡∏∞‡πÑ‡∏£‡∏î‡∏µ?? ‡πÄ‡∏°‡∏ô‡∏π‡πÅ‡∏ô‡∏∞‡∏ô‡∏≥ ‡∏Ç‡πâ‡∏≤‡∏ß‡∏ú‡∏±‡∏î‡∏Å‡∏∏‡πâ‡∏á‡πÑ‡∏Ç‡πà‡∏Ç‡πâ‡∏ô ‡πÄ‡∏ô‡∏∑‡πâ‡∏≠‡∏Å‡∏∏‡πâ‡∏á‡∏£‡∏≤‡∏î‡∏•‡∏á‡∏ö‡∏ô‡πÑ‡∏Ç‡πà‡∏Ç‡πâ‡∏ô‡∏ô‡∏∏‡πà‡∏°‡πÜ‚Äã ‡∏ó‡πä‡∏≠‡∏õ‡∏õ‡∏¥‡πâ‡∏á‡πÇ‡∏£‡∏¢‡∏î‡πâ‡∏ß‡∏¢‡πÑ‡∏Ç‡πà‡∏Å‡∏∏‡πâ‡∏á‚Äã ‡∏≠‡∏£‡πà‡∏≠‡∏¢‡∏Å‡∏£‡∏∏‡∏ö‡πÜ ‡πÄ‡∏õ‡πá‡∏ô‡πÄ‡∏°‡∏ô‡∏π‡∏Ç‡∏≤‡∏¢‡∏î‡∏µ‡∏Ç‡∏≠‡∏á‡∏£‡πâ‡∏≤‡∏ô ‡∏û‡∏£‡πâ‡∏≠‡∏°‡πÄ‡∏™‡∏¥‡∏£‡πå‡∏ü‡πÉ‡∏´‡πâ‡∏Ñ‡∏∏‡∏ì‡πÅ‡∏•‡πâ‡∏ß #cafeToreador #‡∏à‡∏∏‡∏¨‡∏≤¬†...,['‡∏à‡∏∏‡∏¨‡∏≤'],https://twitter.com/cafetoreador1/status/1566639587539050496,https://twitter.com ‚Ä∫ cafetoreador1 ‚Ä∫ status,
